id,status,label,tenor_days,amount,principal_component,profit_component,daily_rate,gross_apr,net_apr,placed_ts,filled_ts,maturity_ts,matured_ts,interest_earned
9a5699e7,matured,,2,32.90,32.90,0.00,0.00019596362587154476,0.0715,0.0608,2026-09-09T06:27:08.606816+00:00,2026-09-09T13:39:08.606816+00:00,2026-09-11T13:39:08.606816+00:00,2026-09-11T16:03:08.606816+00:00,0.01
4756b37b,matured,,2,41.12,41.12,0.00,0.00022336088614551735,0.0815,0.0693,2026-09-09T06:27:08.606816+00:00,2026-09-09T13:39:08.606816+00:00,2026-09-11T13:39:08.606816+00:00,2026-09-11T16:03:08.606816+00:00,0.02
c1c4ab22,cancelled,,2,49.35,49.35,0.00,0.00025075814641948994,0.0915,0.0778,2026-09-09T06:27:08.606816+00:00,,,2026-09-09T13:39:08.606816+00:00,0.00
e2462f5c,cancelled,,2,57.57,57.57,0.00,0.0002781554066934626,0.1015,0.0863,2026-09-09T06:27:08.606816+00:00,,,2026-09-09T13:39:08.606816+00:00,0.00
6ec79bce,matured,,2,65.79,65.79,0.00,0.00030555266696743517,0.1115,0.0948,2026-09-09T06:27:08.606816+00:00,2026-09-09T13:39:08.606816+00:00,2026-09-11T13:39:08.606816+00:00,2026-09-11T16:03:08.606816+00:00,0.04
3f3c039b,matured,,2,74.02,74.02,0.00,0.00033294992724140776,0.1215,0.1033,2026-09-09T06:27:08.606816+00:00,2026-09-09T13:39:08.606816+00:00,2026-09-11T13:39:08.606816+00:00,2026-09-11T16:03:08.606816+00:00,0.05
65956f96,matured,,2,82.24,82.24,0.00,0.0003603471875153804,0.1315,0.1118,2026-09-09T06:27:08.606816+00:00,2026-09-09T13:39:08.606816+00:00,2026-09-11T13:39:08.606816+00:00,2026-09-11T16:03:08.606816+00:00,0.06
c0d9dab7,cancelled,,2,90.47,90.47,0.00,0.000387744447789353,0.1415,0.1203,2026-09-09T06:27:08.606816+00:00,,,2026-09-09T13:39:08.606816+00:00,0.00
15f5d0eb,cancelled,,2,98.69,98.69,0.00,0.0004151417080633256,0.1515,0.1288,2026-09-09T06:27:08.606816+00:00,,,2026-09-09T13:39:08.606816+00:00,0.00
e4e48764,matured,,2,106.92,106.92,0.00,0.0004425389683372982,0.1615,0.1373,2026-09-09T06:27:08.606816+00:00,2026-09-09T13:39:08.606816+00:00,2026-09-11T13:39:08.606816+00:00,2026-09-11T16:03:08.606816+00:00,0.09
2f568ceb,cancelled,,2,115.14,115.14,0.00,0.00046993622861127076,0.1715,0.1458,2026-09-09T06:27:08.606816+00:00,,,2026-09-09T13:39:08.606816+00:00,0.00
d283bd31,cancelled,,2,123.37,123.37,0.00,0.0004973334888852435,0.1815,0.1543,2026-09-09T06:27:08.606816+00:00,,,2026-09-09T13:39:08.606816+00:00,0.00
a37f559c,matured,,2,131.59,131.59,0.00,0.0005247307491592159,0.1915,0.1628,2026-09-09T06:27:08.606816+00:00,2026-09-09T13:39:08.606816+00:00,2026-09-11T13:39:08.606816+00:00,2026-09-11T16:03:08.606816+00:00,0.14
9f2afab5,cancelled,,2,139.81,139.81,0.00,0.0005521280094331886,0.2015,0.1713,2026-09-09T06:27:08.606816+00:00,,,2026-09-09T13:39:08.606816+00:00,0.00
5c1d03e7,matured,,2,148.04,148.04,0.00,0.0005795252697071612,0.2115,0.1798,2026-09-09T06:27:08.606816+00:00,2026-09-09T13:39:08.606816+00:00,2026-09-11T13:39:08.606816+00:00,2026-09-11T16:03:08.606816+00:00,0.17
315bdd0b,cancelled,,2,156.26,156.26,0.00,0.0006069225299811338,0.2215,0.1883,2026-09-09T06:27:08.606816+00:00,,,2026-09-09T13:39:08.606816+00:00,0.00
84061b73,matured,,2,164.49,164.49,0.00,0.0006343197902551064,0.2315,0.1968,2026-09-09T06:27:08.606816+00:00,2026-09-09T13:39:08.606816+00:00,2026-09-11T13:39:08.606816+00:00,2026-09-11T16:03:08.606816+00:00,0.21
b48c22c5,matured,,2,172.71,172.71,0.00,0.000661717050529079,0.2415,0.2053,2026-09-09T06:27:08.606816+00:00,2026-09-09T13:39:08.606816+00:00,2026-09-11T13:39:08.606816+00:00,2026-09-11T16:03:08.606816+00:00,0.23
13daee2c,matured,,2,180.94,180.94,0.00,0.0006891143108030516,0.2515,0.2138,2026-09-09T06:27:08.606816+00:00,2026-09-09T13:39:08.606816+00:00,2026-09-11T13:39:08.606816+00:00,2026-09-11T16:03:08.606816+00:00,0.25
ae8bb976,matured,,2,189.16,189.16,0.00,0.0007165115710770242,0.2615,0.2223,2026-09-09T06:27:08.606816+00:00,2026-09-09T13:39:08.606816+00:00,2026-09-11T13:39:08.606816+00:00,2026-09-11T16:03:08.606816+00:00,0.27
7d46a2e9,cancelled,,2,197.38,197.38,0.00,0.0007439088313509968,0.2715,0.2308,2026-09-09T06:27:08.606816+00:00,,,2026-09-09T13:39:08.606816+00:00,0.00
b60f4e25,cancelled,,2,205.61,205.61,0.00,0.0007713060916249695,0.2815,0.2393,2026-09-09T06:27:08.606816+00:00,,,2026-09-09T13:39:08.606816+00:00,0.00
eb25a2d6,cancelled,,2,213.83,213.83,0.00,0.0007987033518989421,0.2915,0.2478,2026-09-09T06:27:08.606816+00:00,,,2026-09-09T13:39:08.606816+00:00,0.00
6ee4976d,matured,,2,222.06,222.06,0.00,0.0008261006121729147,0.3015,0.2563,2026-09-09T06:27:08.606816+00:00,2026-09-09T13:39:08.606816+00:00,2026-09-11T13:39:08.606816+00:00,2026-09-11T16:03:08.606816+00:00,0.37
fe76a47c,matured,,2,230.28,230.28,0.00,0.0008534978724468872,0.3115,0.2648,2026-09-09T06:27:08.606816+00:00,2026-09-09T13:39:08.606816+00:00,2026-09-11T13:39:08.606816+00:00,2026-09-11T16:03:08.606816+00:00,0.39
7c9eb937,cancelled,,2,238.51,238.51,0.00,0.0008808951327208598,0.3215,0.2733,2026-09-09T06:27:08.606816+00:00,,,2026-09-09T13:39:08.606816+00:00,0.00
4c4b126e,cancelled,,2,246.73,246.73,0.00,0.0009082923929948324,0.3315,0.2818,2026-09-09T06:27:08.606816+00:00,,,2026-09-09T13:39:08.606816+00:00,0.00
a8cd9729,matured,,2,254.95,254.95,0.00,0.000935689653268805,0.3415,0.2903,2026-09-09T06:27:08.606816+00:00,2026-09-09T13:39:08.606816+00:00,2026-09-11T13:39:08.606816+00:00,2026-09-11T16:03:08.606816+00:00,0.48
9a7c416e,matured,,2,263.18,263.18,0.00,0.0009630869135427777,0.3515,0.2988,2026-09-09T06:27:08.606816+00:00,2026-09-09T13:39:08.606816+00:00,2026-09-11T13:39:08.606816+00:00,2026-09-11T16:03:08.606816+00:00,0.51
f521a8ff,matured,,2,271.40,271.40,0.00,0.0009904841738167503,0.3615,0.3073,2026-09-09T06:27:08.606816+00:00,2026-09-09T13:39:08.606816+00:00,2026-09-11T13:39:08.606816+00:00,2026-09-11T16:03:08.606816+00:00,0.54
5f0987e1,cancelled,,2,279.63,279.63,0.00,0.001017881434090723,0.3715,0.3158,2026-09-09T06:27:08.606816+00:00,,,2026-09-09T13:39:08.606816+00:00,0.00
1571ecb4,cancelled,,2,287.85,287.85,0.00,0.0010452786943646955,0.3815,0.3243,2026-09-09T06:27:08.606816+00:00,,,2026-09-09T13:39:08.606816+00:00,0.00
b31416fe,matured,,2,296.08,296.08,0.00,0.001072675954638668,0.3915,0.3328,2026-09-09T06:27:08.606816+00:00,2026-09-09T13:39:08.606816+00:00,2026-09-11T13:39:08.606816+00:00,2026-09-11T16:03:08.606816+00:00,0.64
20eb1268,matured,,2,304.30,304.30,0.00,0.0011000732149126407,0.4015,0.3413,2026-09-09T06:27:08.606816+00:00,2026-09-09T13:39:08.606816+00:00,2026-09-11T13:39:08.606816+00:00,2026-09-11T16:03:08.606816+00:00,0.67
147da36c,matured,,2,312.53,312.53,0.00,0.0011274704751866134,0.4115,0.3498,2026-09-09T06:27:08.606816+00:00,2026-09-09T13:39:08.606816+00:00,2026-09-11T13:39:08.606816+00:00,2026-09-11T16:03:08.606816+00:00,0.70
e037af4c,matured,,2,320.75,320.75,0.00,0.0011548677354605858,0.4215,0.3583,2026-09-09T06:27:08.606816+00:00,2026-09-09T13:39:08.606816+00:00,2026-09-11T13:39:08.606816+00:00,2026-09-11T16:03:08.606816+00:00,0.74
246a78b6,cancelled,,2,328.97,328.97,0.00,0.0011822649957345583,0.4315,0.3668,2026-09-09T06:27:08.606816+00:00,,,2026-09-09T13:39:08.606816+00:00,0.00
d404beef,matured,,2,337.20,337.20,0.00,0.001209662256008531,0.4415,0.3753,2026-09-09T06:27:08.606816+00:00,2026-09-09T13:39:08.606816+00:00,2026-09-11T13:39:08.606816+00:00,2026-09-11T16:03:08.606816+00:00,0.82
4b2b19ef,matured,,2,345.42,345.42,0.00,0.0012370595162825037,0.4515,0.3838,2026-09-09T06:27:08.606816+00:00,2026-09-09T13:39:08.606816+00:00,2026-09-11T13:39:08.606816+00:00,2026-09-11T16:03:08.606816+00:00,0.85
c0473f1b,matured,,2,353.65,353.65,0.00,0.0012644567765564764,0.4615,0.3923,2026-09-09T06:27:08.606816+00:00,2026-09-09T13:39:08.606816+00:00,2026-09-11T13:39:08.606816+00:00,2026-09-11T16:03:08.606816+00:00,0.89
cb95fb36,cancelled,,2,361.87,361.87,0.00,0.0012918540368304487,0.4715,0.4008,2026-09-09T06:27:08.606816+00:00,,,2026-09-09T13:39:08.606816+00:00,0.00
b8036eef,matured,,2,370.10,370.10,0.00,0.0013192512971044214,0.4815,0.4093,2026-09-09T06:27:08.606816+00:00,2026-09-09T13:39:08.606816+00:00,2026-09-11T13:39:08.606816+00:00,2026-09-11T16:03:08.606816+00:00,0.98
5c9c832f,matured,,2,378.32,378.32,0.00,0.001346648557378394,0.4915,0.4178,2026-09-09T06:27:08.606816+00:00,2026-09-09T13:39:08.606816+00:00,2026-09-11T13:39:08.606816+00:00,2026-09-11T16:03:08.606816+00:00,1.02
d947e441,cancelled,,2,386.54,386.54,0.00,0.0013740458176523668,0.5015,0.4263,2026-09-09T06:27:08.606816+00:00,,,2026-09-09T13:39:08.606816+00:00,0.00
22968145,cancelled,,2,394.77,394.77,0.00,0.0014014430779263395,0.5115,0.4348,2026-09-09T06:27:08.606816+00:00,,,2026-09-09T13:39:08.606816+00:00,0.00
fad6b2b6,matured,,2,402.99,402.99,0.00,0.0014288403382003117,0.5215,0.4433,2026-09-09T06:27:08.606816+00:00,2026-09-09T13:39:08.606816+00:00,2026-09-11T13:39:08.606816+00:00,2026-09-11T16:03:08.606816+00:00,1.15
39f93082,matured,,2,411.22,411.22,0.00,0.0014562375984742844,0.5315,0.4518,2026-09-09T06:27:08.606816+00:00,2026-09-09T13:39:08.606816+00:00,2026-09-11T13:39:08.606816+00:00,2026-09-11T16:03:08.606816+00:00,1.20
84fcac11,matured,,2,419.44,419.44,0.00,0.0014836348587482571,0.5415,0.4603,2026-09-09T06:27:08.606816+00:00,2026-09-09T13:39:08.606816+00:00,2026-09-11T13:39:08.606816+00:00,2026-09-11T16:03:08.606816+00:00,1.24
00cf1c09,matured,,2,427.67,427.67,0.00,0.0015110321190222298,0.5515,0.4688,2026-09-09T06:27:08.606816+00:00,2026-09-09T13:39:08.606816+00:00,2026-09-11T13:39:08.606816+00:00,2026-09-11T16:03:08.606816+00:00,1.29
ef124dab,matured,,2,435.89,435.89,0.00,0.0015384293792962025,0.5615,0.4773,2026-09-09T06:27:08.606816+00:00,2026-09-09T13:39:08.606816+00:00,2026-09-11T13:39:08.606816+00:00,2026-09-11T16:03:08.606816+00:00,1.34
8382aefd,cancelled,,2,444.12,444.12,0.00,0.0015658266395701748,0.5715,0.4858,2026-09-09T06:27:08.606816+00:00,,,2026-09-09T13:39:08.606816+00:00,0.00
5e8bd5c5,matured,,2,452.34,452.34,0.00,0.0015932238998441475,0.5815,0.4943,2026-09-09T06:27:08.606816+00:00,2026-09-09T13:39:08.606816+00:00,2026-09-11T13:39:08.606816+00:00,2026-09-11T16:03:08.606816+00:00,1.44
8b523e5f,matured,,2,460.56,460.56,0.00,0.0016206211601181202,0.5915,0.5028,2026-09-09T06:27:08.606816+00:00,2026-09-09T13:39:08.606816+00:00,2026-09-11T13:39:08.606816+00:00,2026-09-11T16:03:08.606816+00:00,1.49
235fb8bc,matured,,2,468.79,468.79,0.00,0.0016480184203920929,0.6015,0.5113,2026-09-09T06:27:08.606816+00:00,2026-09-09T13:39:08.606816+00:00,2026-09-11T13:39:08.606816+00:00,2026-09-11T16:03:08.606816+00:00,1.55
f64c0895,cancelled,,2,477.01,477.01,0.00,0.0016754156806660652,0.6115,0.5198,2026-09-09T06:27:08.606816+00:00,,,2026-09-09T13:39:08.606816+00:00,0.00
12bd0ecc,matured,,2,485.24,485.24,0.00,0.0017028129409400379,0.6215,0.5283,2026-09-09T06:27:08.606816+00:00,2026-09-09T13:39:08.606816+00:00,2026-09-11T13:39:08.606816+00:00,2026-09-11T16:03:08.606816+00:00,1.65
7ea21e76,cancelled,,2,493.46,493.46,0.00,0.0017302102012140106,0.6315,0.5368,2026-09-09T06:27:08.606816+00:00,,,2026-09-09T13:39:08.606816+00:00,0.00
4f89b819,cancelled,,2,501.69,501.69,0.00,0.0017576074614879833,0.6415,0.5453,2026-09-09T06:27:08.606816+00:00,,,2026-09-09T13:39:08.606816+00:00,0.00
614b23ed,matured,,2,509.91,509.91,0.00,0.001785004721761956,0.6515,0.5538,2026-09-09T06:27:08.606816+00:00,2026-09-09T13:39:08.606816+00:00,2026-09-11T13:39:08.606816+00:00,2026-09-11T16:03:08.606816+00:00,1.82
5bd52d62,matured,,2,518.13,518.13,0.00,0.0018124019820359282,0.6615,0.5623,2026-09-09T06:27:08.606816+00:00,2026-09-09T13:39:08.606816+00:00,2026-09-11T13:39:08.606816+00:00,2026-09-11T16:03:08.606816+00:00,1.88
c13649f9,cancelled,,2,526.36,526.36,0.00,0.001839799242309901,0.6715,0.5708,2026-09-09T06:27:08.606816+00:00,,,2026-09-09T13:39:08.606816+00:00,0.00
bbaf5944,matured,,2,534.58,534.58,0.00,0.0018671965025838736,0.6815,0.5793,2026-09-09T06:27:08.606816+00:00,2026-09-09T13:39:08.606816+00:00,2026-09-11T13:39:08.606816+00:00,2026-09-11T16:03:08.606816+00:00,2.00
4185becb,matured,,2,542.81,542.81,0.00,0.0018945937628578463,0.6915,0.5878,2026-09-09T06:27:08.606816+00:00,2026-09-09T13:39:08.606816+00:00,2026-09-11T13:39:08.606816+00:00,2026-09-11T16:03:08.606816+00:00,2.06
3f9b424d,cancelled,,2,551.03,551.03,0.00,0.0019219910231318186,0.7015,0.5963,2026-09-09T06:27:08.606816+00:00,,,2026-09-09T13:39:08.606816+00:00,0.00
3d7482f0,cancelled,,2,559.26,559.26,0.00,0.0019493882834057913,0.7115,0.6048,2026-09-09T06:27:08.606816+00:00,,,2026-09-09T13:39:08.606816+00:00,0.00
c45cdabc,matured,,2,567.48,567.48,0.00,0.001976785543679764,0.7215,0.6133,2026-09-09T06:27:08.606816+00:00,2026-09-09T13:39:08.606816+00:00,2026-09-11T13:39:08.606816+00:00,2026-09-11T16:03:08.606816+00:00,2.24
60896078,cancelled,,2,575.70,575.70,0.00,0.0020041828039537367,0.7315,0.6218,2026-09-09T06:27:08.606816+00:00,,,2026-09-09T13:39:08.606816+00:00,0.00
a9df5220,cancelled,,2,583.93,583.93,0.00,0.0020315800642277094,0.7415,0.6303,2026-09-09T06:27:08.606816+00:00,,,2026-09-09T13:39:08.606816+00:00,0.00
67bb7412,matured,,2,592.15,592.15,0.00,0.0020589773245016816,0.7515,0.6388,2026-09-09T06:27:08.606816+00:00,2026-09-09T13:39:08.606816+00:00,2026-09-11T13:39:08.606816+00:00,2026-09-11T16:03:08.606816+00:00,2.44
80d3375d,matured,,2,600.38,600.38,0.00,0.0020863745847756543,0.7615,0.6473,2026-09-09T06:27:08.606816+00:00,2026-09-09T13:39:08.606816+00:00,2026-09-11T13:39:08.606816+00:00,2026-09-11T16:03:08.606816+00:00,2.51
858808ca,matured,,2,608.60,608.60,0.00,0.002113771845049627,0.7715,0.6558,2026-09-09T06:27:08.606816+00:00,2026-09-09T13:39:08.606816+00:00,2026-09-11T13:39:08.606816+00:00,2026-09-11T16:03:08.606816+00:00,2.57
2fe735a3,matured,,2,616.83,616.83,0.00,0.0021411691053235997,0.7815,0.6643,2026-09-09T06:27:08.606816+00:00,2026-09-09T13:39:08.606816+00:00,2026-09-11T13:39:08.606816+00:00,2026-09-11T16:03:08.606816+00:00,2.64
435aacea,matured,,2,625.05,625.05,0.00,0.002168566365597572,0.7915,0.6728,2026-09-09T06:27:08.606816+00:00,2026-09-09T13:39:08.606816+00:00,2026-09-11T13:39:08.606816+00:00,2026-09-11T16:03:08.606816+00:00,2.71
eb1df876,cancelled,,2,633.28,633.28,0.00,0.0021959636258715447,0.8015,0.6813,2026-09-09T06:27:08.606816+00:00,,,2026-09-09T13:39:08.606816+00:00,0.00
ecf5e3c0,cancelled,,2,641.50,641.50,0.00,0.0022233608861455174,0.8115,0.6898,2026-09-09T06:27:08.606816+00:00,,,2026-09-09T13:39:08.606816+00:00,0.00
75db3347,cancelled,,2,649.72,649.72,0.00,0.00225075814641949,0.8215,0.6983,2026-09-09T06:27:08.606816+00:00,,,2026-09-09T13:39:08.606816+00:00,0.00
cbfadc56,matured,,2,657.95,657.95,0.00,0.0022781554066934624,0.8315,0.7068,2026-09-09T06:27:08.606816+00:00,2026-09-09T13:39:08.606816+00:00,2026-09-11T13:39:08.606816+00:00,2026-09-11T16:03:08.606816+00:00,3.00
491c61d3,matured,,2,666.17,666.17,0.00,0.002305552666967435,0.8415,0.7153,2026-09-09T06:27:08.606816+00:00,2026-09-09T13:39:08.606816+00:00,2026-09-11T13:39:08.606816+00:00,2026-09-11T16:03:08.606816+00:00,3.07
020f84f9,matured,,2,674.40,674.40,0.00,0.0023329499272414077,0.8515,0.7238,2026-09-09T06:27:08.606816+00:00,2026-09-09T13:39:08.606816+00:00,2026-09-11T13:39:08.606816+00:00,2026-09-11T16:03:08.606816+00:00,3.15
a209c2ee,cancelled,,2,682.62,682.62,0.00,0.0023603471875153804,0.8615,0.7323,2026-09-09T06:27:08.606816+00:00,,,2026-09-09T13:39:08.606816+00:00,0.00
3d9ed32e,matured,,2,690.85,690.85,0.00,0.0023877444477893527,0.8715,0.7408,2026-09-09T06:27:08.606816+00:00,2026-09-09T13:39:08.606816+00:00,2026-09-11T13:39:08.606816+00:00,2026-09-11T16:03:08.606816+00:00,3.30
ad597e76,matured,,2,699.07,699.07,0.00,0.0024151417080633254,0.8815,0.7493,2026-09-09T06:27:08.606816+00:00,2026-09-09T13:39:08.606816+00:00,2026-09-11T13:39:08.606816+00:00,2026-09-11T16:03:08.606816+00:00,3.38
156aac57,matured,,2,707.29,707.29,0.00,0.002442538968337298,0.8915,0.7578,2026-09-09T06:27:08.606816+00:00,2026-09-09T13:39:08.606816+00:00,2026-09-11T13:39:08.606816+00:00,2026-09-11T16:03:08.606816+00:00,3.46
9cce6f5d,matured,,2,715.52,715.52,0.00,0.002469936228611271,0.9015,0.7663,2026-09-09T06:27:08.606816+00:00,2026-09-09T13:39:08.606816+00:00,2026-09-11T13:39:08.606816+00:00,2026-09-11T16:03:08.606816+00:00,3.53
9afcf344,matured,,2,723.74,723.74,0.00,0.0024973334888852435,0.9115,0.7748,2026-09-09T06:27:08.606816+00:00,2026-09-09T13:39:08.606816+00:00,2026-09-11T13:39:08.606816+00:00,2026-09-11T16:03:08.606816+00:00,3.61
200d394b,matured,,2,731.97,731.97,0.00,0.0025247307491592158,0.9215,0.7833,2026-09-09T06:27:08.606816+00:00,2026-09-09T13:39:08.606816+00:00,2026-09-11T13:39:08.606816+00:00,2026-09-11T16:03:08.606816+00:00,3.70
bbab8463,cancelled,,2,740.19,740.19,0.00,0.0025521280094331885,0.9315,0.7918,2026-09-09T06:27:08.606816+00:00,,,2026-09-09T13:39:08.606816+00:00,0.00
6144b8f2,matured,,2,748.42,748.42,0.00,0.002579525269707161,0.9415,0.8003,2026-09-09T06:27:08.606816+00:00,2026-09-09T13:39:08.606816+00:00,2026-09-11T13:39:08.606816+00:00,2026-09-11T16:03:08.606816+00:00,3.86
8d0edd80,cancelled,,2,756.64,756.64,0.00,0.002606922529981134,0.9515,0.8088,2026-09-09T06:27:08.606816+00:00,,,2026-09-09T13:39:08.606816+00:00,0.00
6febf05f,cancelled,,2,764.86,764.86,0.00,0.0026343197902551066,0.9615,0.8173,2026-09-09T06:27:08.606816+00:00,,,2026-09-09T13:39:08.606816+00:00,0.00
02f63443,matured,,2,773.09,773.09,0.00,0.002661717050529079,0.9715,0.8258,2026-09-09T06:27:08.606816+00:00,2026-09-09T13:39:08.606816+00:00,2026-09-11T13:39:08.606816+00:00,2026-09-11T16:03:08.606816+00:00,4.12
b3d2c279,cancelled,,2,781.31,781.31,0.00,0.0026891143108030515,0.9815,0.8343,2026-09-09T06:27:08.606816+00:00,,,2026-09-09T13:39:08.606816+00:00,0.00
e4b99fd2,cancelled,,2,789.54,789.54,0.00,0.0027165115710770242,0.9915,0.8428,2026-09-09T06:27:08.606816+00:00,,,2026-09-09T13:39:08.606816+00:00,0.00
11345b30,cancelled,,2,797.76,797.76,0.00,0.002743908831350997,1.0015,0.8513,2026-09-09T06:27:08.606816+00:00,,,2026-09-09T13:39:08.606816+00:00,0.00
1a69eeab,cancelled,,2,805.99,805.99,0.00,0.002771306091624969,1.0115,0.8598,2026-09-09T06:27:08.606816+00:00,,,2026-09-09T13:39:08.606816+00:00,0.00
942a81e6,cancelled,,2,814.21,814.21,0.00,0.002798703351898942,1.0215,0.8683,2026-09-09T06:27:08.606816+00:00,,,2026-09-09T13:39:08.606816+00:00,0.00
c7d6cbf8,matured,,2,822.44,822.44,0.00,0.0028261006121729146,1.0315,0.8768,2026-09-09T06:27:08.606816+00:00,2026-09-09T13:39:08.606816+00:00,2026-09-11T13:39:08.606816+00:00,2026-09-11T16:03:08.606816+00:00,4.65
d4aa2a09,matured,,2,830.66,830.66,0.00,0.0028534978724468873,1.0415,0.8853,2026-09-09T06:27:08.606816+00:00,2026-09-09T13:39:08.606816+00:00,2026-09-11T13:39:08.606816+00:00,2026-09-11T16:03:08.606816+00:00,4.74
8e9bae2e,matured,,2,838.88,838.88,0.00,0.00288089513272086,1.0515,0.8938,2026-09-09T06:27:08.606816+00:00,2026-09-09T13:39:08.606816+00:00,2026-09-11T13:39:08.606816+00:00,2026-09-11T16:03:08.606816+00:00,4.83
9805c94f,matured,,2,847.11,847.11,0.00,0.0029082923929948322,1.0615,0.9023,2026-09-09T06:27:08.606816+00:00,2026-09-09T13:39:08.606816+00:00,2026-09-11T13:39:08.606816+00:00,2026-09-11T16:03:08.606816+00:00,4.93
1412e6f4,matured,,2,855.33,855.33,0.00,0.002935689653268805,1.0715,0.9108,2026-09-09T06:27:08.606816+00:00,2026-09-09T13:39:08.606816+00:00,2026-09-11T13:39:08.606816+00:00,2026-09-11T16:03:08.606816+00:00,5.02
9ce7ae07,matured,,2,863.56,863.56,0.00,0.0029630869135427776,1.0815,0.9193,2026-09-09T06:27:08.606816+00:00,2026-09-09T13:39:08.606816+00:00,2026-09-11T13:39:08.606816+00:00,2026-09-11T16:03:08.606816+00:00,5.12
8e1352fa,cancelled,,2,871.78,871.78,0.00,0.0029904841738167503,1.0915,0.9278,2026-09-09T06:27:08.606816+00:00,,,2026-09-09T13:39:08.606816+00:00,0.00
97907245,matured,,2,880.01,880.01,0.00,0.0030178814340907226,1.1015,0.9363,2026-09-09T06:27:08.606816+00:00,2026-09-09T13:39:08.606816+00:00,2026-09-11T13:39:08.606816+00:00,2026-09-11T16:03:08.606816+00:00,5.31
573a1049,cancelled,,2,888.23,888.23,0.00,0.0030452786943646953,1.1115,0.9448,2026-09-09T06:27:08.606816+00:00,,,2026-09-09T13:39:08.606816+00:00,0.00
34605d89,matured,,2,896.45,896.45,0.00,0.003072675954638668,1.1215,0.9533,2026-09-09T06:27:08.606816+00:00,2026-09-09T13:39:08.606816+00:00,2026-09-11T13:39:08.606816+00:00,2026-09-11T16:03:08.606816+00:00,5.51
35c5975e,matured,,2,904.68,904.68,0.00,0.0031000732149126407,1.1315,0.9618,2026-09-09T06:27:08.606816+00:00,2026-09-09T13:39:08.606816+00:00,2026-09-11T13:39:08.606816+00:00,2026-09-11T16:03:08.606816+00:00,5.61
8dd0c045,cancelled,,2,912.90,912.90,0.00,0.0031274704751866134,1.1415,0.9703,2026-09-09T06:27:08.606816+00:00,,,2026-09-09T13:39:08.606816+00:00,0.00
fba6a0a3,cancelled,,2,921.13,921.13,0.00,0.0031548677354605857,1.1515,0.9788,2026-09-09T06:27:08.606816+00:00,,,2026-09-09T13:39:08.606816+00:00,0.00
486ba626,cancelled,,2,929.35,929.35,0.00,0.0031822649957345584,1.1615,0.9873,2026-09-09T06:27:08.606816+00:00,,,2026-09-09T13:39:08.606816+00:00,0.00
7461cab2,cancelled,,2,937.58,937.58,0.00,0.003209662256008531,1.1715,0.9958,2026-09-09T06:27:08.606816+00:00,,,2026-09-09T13:39:08.606816+00:00,0.00
bb77b781,matured,,2,945.80,945.80,0.00,0.0032370595162825038,1.1815,1.0043,2026-09-09T06:27:08.606816+00:00,2026-09-09T13:39:08.606816+00:00,2026-09-11T13:39:08.606816+00:00,2026-09-11T16:03:08.606816+00:00,6.12
0f3fe907,matured,,2,954.02,954.02,0.00,0.0032644567765564765,1.1915,1.0128,2026-09-09T06:27:08.606816+00:00,2026-09-09T13:39:08.606816+00:00,2026-09-11T13:39:08.606816+00:00,2026-09-11T16:03:08.606816+00:00,6.23
1e9ca642,cancelled,,2,962.25,962.25,0.00,0.0032918540368304487,1.2015,1.0213,2026-09-09T06:27:08.606816+00:00,,,2026-09-09T13:39:08.606816+00:00,0.00
ca92f4cd,cancelled,,2,970.47,970.47,0.00,0.0033192512971044214,1.2115,1.0298,2026-09-09T06:27:08.606816+00:00,,,2026-09-09T13:39:08.606816+00:00,0.00
1e601235,matured,,2,978.70,978.70,0.00,0.003346648557378394,1.2215,1.0383,2026-09-09T06:27:08.606816+00:00,2026-09-09T13:39:08.606816+00:00,2026-09-11T13:39:08.606816+00:00,2026-09-11T16:03:08.606816+00:00,6.55
df7db936,cancelled,,2,986.92,986.92,0.00,0.003374045817652367,1.2315,1.0468,2026-09-09T06:27:08.606816+00:00,,,2026-09-09T13:39:08.606816+00:00,0.00
12362d59,matured,,2,995.15,995.15,0.00,0.003401443077926339,1.2415,1.0553,2026-09-09T06:27:08.606816+00:00,2026-09-09T13:39:08.606816+00:00,2026-09-11T13:39:08.606816+00:00,2026-09-11T16:03:08.606816+00:00,6.77
c5ed7f45,cancelled,,2,1003.37,1003.37,0.00,0.0034288403382003118,1.2515,1.0638,2026-09-09T06:27:08.606816+00:00,,,2026-09-09T13:39:08.606816+00:00,0.00
b903cb99,matured,,2,1011.60,1011.60,0.00,0.0034562375984742845,1.2615,1.0723,2026-09-09T06:27:08.606816+00:00,2026-09-09T13:39:08.606816+00:00,2026-09-11T13:39:08.606816+00:00,2026-09-11T16:03:08.606816+00:00,6.99
ef144189,cancelled,,2,1019.82,1019.82,0.00,0.003483634858748257,1.2715,1.0808,2026-09-09T06:27:08.606816+00:00,,,2026-09-09T13:39:08.606816+00:00,0.00
af079412,matured,,2,1028.04,1028.04,0.00,0.00351103211902223,1.2815,1.0893,2026-09-09T06:27:08.606816+00:00,2026-09-09T13:39:08.606816+00:00,2026-09-11T13:39:08.606816+00:00,2026-09-11T16:03:08.606816+00:00,7.22
b62d3bb8,cancelled,,2,1036.27,1036.27,0.00,0.003538429379296202,1.2915,1.0978,2026-09-09T06:27:08.606816+00:00,,,2026-09-09T13:39:08.606816+00:00,0.00
1a4a301f,matured,,2,1044.49,1044.49,0.00,0.003565826639570175,1.3015,1.1063,2026-09-09T06:27:08.606816+00:00,2026-09-09T13:39:08.606816+00:00,2026-09-11T13:39:08.606816+00:00,2026-09-11T16:03:08.606816+00:00,7.45
67606885,matured,,2,1052.72,1052.72,0.00,0.0035932238998441475,1.3115,1.1148,2026-09-09T06:27:08.606816+00:00,2026-09-09T13:39:08.606816+00:00,2026-09-11T13:39:08.606816+00:00,2026-09-11T16:03:08.606816+00:00,7.57
e02b8b29,cancelled,,2,1060.94,1060.94,0.00,0.0036206211601181202,1.3215,1.1233,2026-09-09T06:27:08.606816+00:00,,,2026-09-09T13:39:08.606816+00:00,0.00
07b95f17,cancelled,,2,1069.17,1069.17,0.00,0.0036480184203920925,1.3315,1.1318,2026-09-09T06:27:08.606816+00:00,,,2026-09-09T13:39:08.606816+00:00,0.00
c9731c05,matured,,2,1077.39,1077.39,0.00,0.003675415680666065,1.3415,1.1403,2026-09-09T06:27:08.606816+00:00,2026-09-09T13:39:08.606816+00:00,2026-09-11T13:39:08.606816+00:00,2026-09-11T16:03:08.606816+00:00,7.92
013c50bf,matured,,2,1085.61,1085.61,0.00,0.003702812940940038,1.3515,1.1488,2026-09-09T06:27:08.606816+00:00,2026-09-09T13:39:08.606816+00:00,2026-09-11T13:39:08.606816+00:00,2026-09-11T16:03:08.606816+00:00,8.04
588fdcec,cancelled,,2,1093.84,1093.84,0.00,0.0037302102012140106,1.3615,1.1573,2026-09-09T06:27:08.606816+00:00,,,2026-09-09T13:39:08.606816+00:00,0.00
afa21f26,matured,,2,1102.06,1102.06,0.00,0.0037576074614879833,1.3715,1.1658,2026-09-09T06:27:08.606816+00:00,2026-09-09T13:39:08.606816+00:00,2026-09-11T13:39:08.606816+00:00,2026-09-11T16:03:08.606816+00:00,8.28
15034012,cancelled,,2,1110.29,1110.29,0.00,0.0037850047217619556,1.3815,1.1743,2026-09-09T06:27:08.606816+00:00,,,2026-09-09T13:39:08.606816+00:00,0.00
75c42856,cancelled,,2,1118.51,1118.51,0.00,0.0038124019820359283,1.3915,1.1828,2026-09-09T06:27:08.606816+00:00,,,2026-09-09T13:39:08.606816+00:00,0.00
12bab22b,matured,,2,1126.74,1126.74,0.00,0.003839799242309901,1.4015,1.1913,2026-09-09T06:27:08.606816+00:00,2026-09-09T13:39:08.606816+00:00,2026-09-11T13:39:08.606816+00:00,2026-09-11T16:03:08.606816+00:00,8.65
d00190a4,cancelled,,2,1134.96,1134.96,0.00,0.0038671965025838737,1.4115,1.1998,2026-09-09T06:27:08.606816+00:00,,,2026-09-09T13:39:08.606816+00:00,0.00
9ebd6f83,matured,,2,1143.18,1143.18,0.00,0.003894593762857846,1.4215,1.2083,2026-09-09T06:27:08.606816+00:00,2026-09-09T13:39:08.606816+00:00,2026-09-11T13:39:08.606816+00:00,2026-09-11T16:03:08.606816+00:00,8.90
d1d6d52e,cancelled,,2,1151.41,1151.41,0.00,0.003921991023131819,1.4315,1.2168,2026-09-09T06:27:08.606816+00:00,,,2026-09-09T13:39:08.606816+00:00,0.00
aa8f390a,matured,,2,1159.63,1159.63,0.00,0.003949388283405792,1.4415,1.2253,2026-09-09T06:27:08.606816+00:00,2026-09-09T13:39:08.606816+00:00,2026-09-11T13:39:08.606816+00:00,2026-09-11T16:03:08.606816+00:00,9.16
ca78bad3,cancelled,,2,1167.86,1167.86,0.00,0.0039767855436797644,1.4515,1.2338,2026-09-09T06:27:08.606816+00:00,,,2026-09-09T13:39:08.606816+00:00,0.00
2e68aecd,matured,,2,1176.08,1176.08,0.00,0.004004182803953737,1.4615,1.2423,2026-09-09T06:27:08.606816+00:00,2026-09-09T13:39:08.606816+00:00,2026-09-11T13:39:08.606816+00:00,2026-09-11T16:03:08.606816+00:00,9.42
fe69e42e,matured,,2,1184.31,1184.31,0.00,0.004031580064227709,1.4715,1.2508,2026-09-09T06:27:08.606816+00:00,2026-09-09T13:39:08.606816+00:00,2026-09-11T13:39:08.606816+00:00,2026-09-11T16:03:08.606816+00:00,9.55
8ddfbbf9,cancelled,,2,1192.53,1192.53,0.00,0.004058977324501682,1.4815,1.2593,2026-09-09T06:27:08.606816+00:00,,,2026-09-09T13:39:08.606816+00:00,0.00
79f59914,matured,,2,1200.76,1200.76,0.00,0.004086374584775654,1.4915,1.2678,2026-09-09T06:27:08.606816+00:00,2026-09-09T13:39:08.606816+00:00,2026-09-11T13:39:08.606816+00:00,2026-09-11T16:03:08.606816+00:00,9.81
335a1f2d,matured,,2,1208.98,1208.98,0.00,0.004113771845049627,1.5015,1.2763,2026-09-09T06:27:08.606816+00:00,2026-09-09T13:39:08.606816+00:00,2026-09-11T13:39:08.606816+00:00,2026-09-11T16:03:08.606816+00:00,9.95
10c41559,cancelled,,2,1217.20,1217.20,0.00,0.0041411691053236,1.5115,1.2848,2026-09-09T06:27:08.606816+00:00,,,2026-09-09T13:39:08.606816+00:00,0.00
64e32672,matured,,2,1225.43,1225.43,0.00,0.0041685663655975725,1.5215,1.2933,2026-09-09T06:27:08.606816+00:00,2026-09-09T13:39:08.606816+00:00,2026-09-11T13:39:08.606816+00:00,2026-09-11T16:03:08.606816+00:00,10.22
998520c4,matured,,2,1233.65,1233.65,0.00,0.004195963625871545,1.5315,1.3018,2026-09-09T06:27:08.606816+00:00,2026-09-09T13:39:08.606816+00:00,2026-09-11T13:39:08.606816+00:00,2026-09-11T16:03:08.606816+00:00,10.35
4506bc26,cancelled,,2,1241.88,1241.88,0.00,0.004223360886145518,1.5415,1.3103,2026-09-09T06:27:08.606816+00:00,,,2026-09-09T13:39:08.606816+00:00,0.00
3e389ace,cancelled,,2,1250.10,1250.10,0.00,0.0042507581464194906,1.5515,1.3188,2026-09-09T06:27:08.606816+00:00,,,2026-09-09T13:39:08.606816+00:00,0.00
d144c075,matured,,2,1258.33,1258.33,0.00,0.004278155406693463,1.5615,1.3273,2026-09-09T06:27:08.606816+00:00,2026-09-09T13:39:08.606816+00:00,2026-09-11T13:39:08.606816+00:00,2026-09-11T16:03:08.606816+00:00,10.77
2118c155,matured,,2,1266.55,1266.55,0.00,0.004305552666967436,1.5715,1.3358,2026-09-09T06:27:08.606816+00:00,2026-09-09T13:39:08.606816+00:00,2026-09-11T13:39:08.606816+00:00,2026-09-11T16:03:08.606816+00:00,10.91
3c430ca3,matured,,2,1274.77,1274.77,0.00,0.004332949927241408,1.5815,1.3443,2026-09-09T06:27:08.606816+00:00,2026-09-09T13:39:08.606816+00:00,2026-09-11T13:39:08.606816+00:00,2026-09-11T16:03:08.606816+00:00,11.05
8ba7e9c9,cancelled,,2,1283.00,1283.00,0.00,0.0043603471875153805,1.5915,1.3528,2026-09-09T06:27:08.606816+00:00,,,2026-09-09T13:39:08.606816+00:00,0.00
41dad0a3,cancelled,,2,1291.22,1291.22,0.00,0.004387744447789353,1.6015,1.3613,2026-09-09T06:27:08.606816+00:00,,,2026-09-09T13:39:08.606816+00:00,0.00
0a4456d4,cancelled,,2,1299.45,1299.45,0.00,0.004415141708063326,1.6115,1.3698,2026-09-09T06:27:08.606816+00:00,,,2026-09-09T13:39:08.606816+00:00,0.00
397ec398,matured,,2,1307.67,1307.67,0.00,0.004442538968337299,1.6215,1.3783,2026-09-09T06:27:08.606816+00:00,2026-09-09T13:39:08.606816+00:00,2026-09-11T13:39:08.606816+00:00,2026-09-11T16:03:08.606816+00:00,11.62
e9265a7e,matured,,2,1315.90,1315.90,0.00,0.004469936228611271,1.6315,1.3868,2026-09-09T06:27:08.606816+00:00,2026-09-09T13:39:08.606816+00:00,2026-09-11T13:39:08.606816+00:00,2026-09-11T16:03:08.606816+00:00,11.76
ef13ba49,cancelled,,2,1324.12,1324.12,0.00,0.004497333488885244,1.6415,1.3953,2026-09-09T06:27:08.606816+00:00,,,2026-09-09T13:39:08.606816+00:00,0.00
17cd34bc,cancelled,,2,1332.35,1332.35,0.00,0.004524730749159217,1.6515,1.4038,2026-09-09T06:27:08.606816+00:00,,,2026-09-09T13:39:08.606816+00:00,0.00
b46f27d6,cancelled,,2,1340.57,1340.57,0.00,0.004552128009433189,1.6615,1.4123,2026-09-09T06:27:08.606816+00:00,,,2026-09-09T13:39:08.606816+00:00,0.00
65add13e,cancelled,,2,1348.79,1348.79,0.00,0.004579525269707161,1.6715,1.4208,2026-09-09T06:27:08.606816+00:00,,,2026-09-09T13:39:08.606816+00:00,0.00
fa9bed32,cancelled,,2,1357.02,1357.02,0.00,0.004606922529981134,1.6815,1.4293,2026-09-09T06:27:08.606816+00:00,,,2026-09-09T13:39:08.606816+00:00,0.00
1063319f,matured,,2,1365.24,1365.24,0.00,0.004634319790255107,1.6915,1.4378,2026-09-09T06:27:08.606816+00:00,2026-09-09T13:39:08.606816+00:00,2026-09-11T13:39:08.606816+00:00,2026-09-11T16:03:08.606816+00:00,12.65
3bb70192,cancelled,,2,1373.47,1373.47,0.00,0.004661717050529079,1.7015,1.4463,2026-09-09T06:27:08.606816+00:00,,,2026-09-09T13:39:08.606816+00:00,0.00
04a4d32e,matured,,2,1381.69,1381.69,0.00,0.004689114310803052,1.7115,1.4548,2026-09-09T06:27:08.606816+00:00,2026-09-09T13:39:08.606816+00:00,2026-09-11T13:39:08.606816+00:00,2026-09-11T16:03:08.606816+00:00,12.96
2274e170,cancelled,,2,1389.92,1389.92,0.00,0.004716511571077025,1.7215,1.4633,2026-09-09T06:27:08.606816+00:00,,,2026-09-09T13:39:08.606816+00:00,0.00
1148565f,cancelled,,2,1398.14,1398.14,0.00,0.004743908831350997,1.7315,1.4718,2026-09-09T06:27:08.606816+00:00,,,2026-09-09T13:39:08.606816+00:00,0.00
f026957b,matured,,2,1406.36,1406.36,0.00,0.00477130609162497,1.7415,1.4803,2026-09-09T06:27:08.606816+00:00,2026-09-09T13:39:08.606816+00:00,2026-09-11T13:39:08.606816+00:00,2026-09-11T16:03:08.606816+00:00,13.42
d6800486,matured,,2,1414.59,1414.59,0.00,0.004798703351898943,1.7515,1.4888,2026-09-09T06:27:08.606816+00:00,2026-09-09T13:39:08.606816+00:00,2026-09-11T13:39:08.606816+00:00,2026-09-11T16:03:08.606816+00:00,13.58
5d48bf82,matured,,2,1422.81,1422.81,0.00,0.0048261006121729155,1.7615,1.4973,2026-09-09T06:27:08.606816+00:00,2026-09-09T13:39:08.606816+00:00,2026-09-11T13:39:08.606816+00:00,2026-09-11T16:03:08.606816+00:00,13.73
25bb87d0,cancelled,,2,1431.04,1431.04,0.00,0.004853497872446887,1.7715,1.5058,2026-09-09T06:27:08.606816+00:00,,,2026-09-09T13:39:08.606816+00:00,0.00
4a12e41d,matured,,2,1439.26,1439.26,0.00,0.00488089513272086,1.7815,1.5143,2026-09-09T06:27:08.606816+00:00,2026-09-09T13:39:08.606816+00:00,2026-09-11T13:39:08.606816+00:00,2026-09-11T16:03:08.606816+00:00,14.05
b7f57f04,cancelled,,2,1447.49,1447.49,0.00,0.004908292392994833,1.7915,1.5228,2026-09-09T06:27:08.606816+00:00,,,2026-09-09T13:39:08.606816+00:00,0.00
5aadb13f,cancelled,,2,1455.71,1455.71,0.00,0.004935689653268805,1.8015,1.5313,2026-09-09T06:27:08.606816+00:00,,,2026-09-09T13:39:08.606816+00:00,0.00
9fd16dbf,matured,,2,1463.93,1463.93,0.00,0.004963086913542778,1.8115,1.5398,2026-09-09T06:27:08.606816+00:00,2026-09-09T13:39:08.606816+00:00,2026-09-11T13:39:08.606816+00:00,2026-09-11T16:03:08.606816+00:00,14.53
6b87aa5d,cancelled,,2,1472.16,1472.16,0.00,0.004990484173816751,1.8215,1.5483,2026-09-09T06:27:08.606816+00:00,,,2026-09-09T13:39:08.606816+00:00,0.00
58501a69,matured,,2,1480.38,1480.38,0.00,0.0050178814340907235,1.8315,1.5568,2026-09-09T06:27:08.606816+00:00,2026-09-09T13:39:08.606816+00:00,2026-09-11T13:39:08.606816+00:00,2026-09-11T16:03:08.606816+00:00,14.86
338473cd,matured,,2,1488.61,1488.61,0.00,0.005045278694364696,1.8415,1.5653,2026-09-09T06:27:08.606816+00:00,2026-09-09T13:39:08.606816+00:00,2026-09-11T13:39:08.606816+00:00,2026-09-11T16:03:08.606816+00:00,15.02
17db8f46,cancelled,,2,1496.83,1496.83,0.00,0.005072675954638669,1.8515,1.5738,2026-09-09T06:27:08.606816+00:00,,,2026-09-09T13:39:08.606816+00:00,0.00
c259e391,cancelled,,2,1505.06,1505.06,0.00,0.005100073214912641,1.8615,1.5823,2026-09-09T06:27:08.606816+00:00,,,2026-09-09T13:39:08.606816+00:00,0.00
a63f3ba3,matured,,2,1513.28,1513.28,0.00,0.0051274704751866134,1.8715,1.5908,2026-09-09T06:27:08.606816+00:00,2026-09-09T13:39:08.606816+00:00,2026-09-11T13:39:08.606816+00:00,2026-09-11T16:03:08.606816+00:00,15.52
621e51fd,matured,,2,1521.51,1521.51,0.00,0.005154867735460586,1.8815,1.5993,2026-09-09T06:27:08.606816+00:00,2026-09-09T13:39:08.606816+00:00,2026-09-11T13:39:08.606816+00:00,2026-09-11T16:03:08.606816+00:00,15.69
7420a0f0,matured,,2,1529.73,1529.73,0.00,0.005182264995734559,1.8915,1.6078,2026-09-09T06:27:08.606816+00:00,2026-09-09T13:39:08.606816+00:00,2026-09-11T13:39:08.606816+00:00,2026-09-11T16:03:08.606816+00:00,15.85
bce067f2,matured,,2,1537.95,1537.95,0.00,0.0052096622560085315,1.9015,1.6163,2026-09-09T06:27:08.606816+00:00,2026-09-09T13:39:08.606816+00:00,2026-09-11T13:39:08.606816+00:00,2026-09-11T16:03:08.606816+00:00,16.02
906703ab,cancelled,,2,1546.18,1546.18,0.00,0.005237059516282504,1.9115,1.6248,2026-09-09T06:27:08.606816+00:00,,,2026-09-09T13:39:08.606816+00:00,0.00
3b17f611,cancelled,,2,1554.40,1554.40,0.00,0.005264456776556477,1.9215,1.6333,2026-09-09T06:27:08.606816+00:00,,,2026-09-09T13:39:08.606816+00:00,0.00
e7599183,matured,,2,1562.63,1562.63,0.00,0.00529185403683045,1.9315,1.6418,2026-09-09T06:27:08.606816+00:00,2026-09-09T13:39:08.606816+00:00,2026-09-11T13:39:08.606816+00:00,2026-09-11T16:03:08.606816+00:00,16.54
e918e10b,cancelled,,2,1570.85,1570.85,0.00,0.005319251297104422,1.9415,1.6503,2026-09-09T06:27:08.606816+00:00,,,2026-09-09T13:39:08.606816+00:00,0.00
61261e57,cancelled,,2,1579.08,1579.08,0.00,0.005346648557378394,1.9515,1.6588,2026-09-09T06:27:08.606816+00:00,,,2026-09-09T13:39:08.606816+00:00,0.00
2dc20ffa,matured,,2,1587.30,1587.30,0.00,0.005374045817652367,1.9615,1.6673,2026-09-09T06:27:08.606816+00:00,2026-09-09T13:39:08.606816+00:00,2026-09-11T13:39:08.606816+00:00,2026-09-11T16:03:08.606816+00:00,17.06
be267128,matured,,2,1595.52,1595.52,0.00,0.0054014430779263396,1.9715,1.6758,2026-09-09T06:27:08.606816+00:00,2026-09-09T13:39:08.606816+00:00,2026-09-11T13:39:08.606816+00:00,2026-09-11T16:03:08.606816+00:00,17.24
c5420726,matured,,2,1603.75,1603.75,0.00,0.005428840338200312,1.9815,1.6843,2026-09-09T06:27:08.606816+00:00,2026-09-09T13:39:08.606816+00:00,2026-09-11T13:39:08.606816+00:00,2026-09-11T16:03:08.606816+00:00,17.41
12bc5066,cancelled,,2,1611.97,1611.97,0.00,0.005456237598474285,1.9915,1.6928,2026-09-09T06:27:08.606816+00:00,,,2026-09-09T13:39:08.606816+00:00,0.00
5857ec8c,cancelled,+relist,2,49.35,49.35,0.00,0.00020147005583764476,0.0735,0.0625,2026-09-09T13:39:08.606816+00:00,,,2026-09-09T20:51:08.606816+00:00,0.00
d72fe49c,matured,+relist,2,57.57,57.57,0.00,0.00020147005583764476,0.0735,0.0625,2026-09-09T13:39:08.606816+00:00,2026-09-09T20:51:08.606816+00:00,2026-09-11T20:51:08.606816+00:00,2026-09-11T23:15:08.606816+00:00,0.02
5ec91405,cancelled,+relist,2,90.47,90.47,0.00,0.00020147005583764476,0.0735,0.0625,2026-09-09T13:39:08.606816+00:00,,,2026-09-09T20:51:08.606816+00:00,0.00
da0699c6,matured,+relist,2,98.69,98.69,0.00,0.00020147005583764476,0.0735,0.0625,2026-09-09T13:39:08.606816+00:00,2026-09-09T20:51:08.606816+00:00,2026-09-11T20:51:08.606816+00:00,2026-09-11T23:15:08.606816+00:00,0.04
ee86ef8e,matured,+relist,2,115.14,115.14,0.00,0.00020147005583764476,0.0735,0.0625,2026-09-09T13:39:08.606816+00:00,2026-09-09T20:51:08.606816+00:00,2026-09-11T20:51:08.606816+00:00,2026-09-11T23:15:08.606816+00:00,0.05
4bcd80c0,matured,+relist,2,123.37,123.37,0.00,0.00020147005583764476,0.0735,0.0625,2026-09-09T13:39:08.606816+00:00,2026-09-09T20:51:08.606816+00:00,2026-09-11T20:51:08.606816+00:00,2026-09-11T23:15:08.606816+00:00,0.05
9a1560a2,cancelled,+relist,2,139.81,139.81,0.00,0.00020147005583764476,0.0735,0.0625,2026-09-09T13:39:08.606816+00:00,,,2026-09-09T20:51:08.606816+00:00,0.00
53931a8f,matured,+relist,2,156.26,156.26,0.00,0.00020147005583764476,0.0735,0.0625,2026-09-09T13:39:08.606816+00:00,2026-09-09T20:51:08.606816+00:00,2026-09-11T20:51:08.606816+00:00,2026-09-11T23:15:08.606816+00:00,0.06
c5db803c,cancelled,+relist,2,197.38,197.38,0.00,0.00020147005583764476,0.0735,0.0625,2026-09-09T13:39:08.606816+00:00,,,2026-09-09T20:51:08.606816+00:00,0.00
dfd3e807,matured,+relist,2,205.61,205.61,0.00,0.00020147005583764476,0.0735,0.0625,2026-09-09T13:39:08.606816+00:00,2026-09-09T20:51:08.606816+00:00,2026-09-11T20:51:08.606816+00:00,2026-09-11T23:15:08.606816+00:00,0.08
717e08ce,matured,+relist,2,213.83,213.83,0.00,0.00020147005583764476,0.0735,0.0625,2026-09-09T13:39:08.606816+00:00,2026-09-09T20:51:08.606816+00:00,2026-09-11T20:51:08.606816+00:00,2026-09-11T23:15:08.606816+00:00,0.09
95766081,cancelled,+relist,2,238.51,238.51,0.00,0.00020147005583764476,0.0735,0.0625,2026-09-09T13:39:08.606816+00:00,,,2026-09-09T20:51:08.606816+00:00,0.00
34880c29,matured,+relist,2,246.73,246.73,0.00,0.00020147005583764476,0.0735,0.0625,2026-09-09T13:39:08.606816+00:00,2026-09-09T20:51:08.606816+00:00,2026-09-11T20:51:08.606816+00:00,2026-09-11T23:15:08.606816+00:00,0.10
b0a7d472,cancelled,+relist,2,279.63,279.63,0.00,0.00020147005583764476,0.0735,0.0625,2026-09-09T13:39:08.606816+00:00,,,2026-09-09T20:51:08.606816+00:00,0.00
a3baeff7,matured,+relist,2,287.85,287.85,0.00,0.00020147005583764476,0.0735,0.0625,2026-09-09T13:39:08.606816+00:00,2026-09-09T20:51:08.606816+00:00,2026-09-11T20:51:08.606816+00:00,2026-09-11T23:15:08.606816+00:00,0.12
99d8d18a,cancelled,+relist,2,328.97,328.97,0.00,0.00020147005583764476,0.0735,0.0625,2026-09-09T13:39:08.606816+00:00,,,2026-09-09T20:51:08.606816+00:00,0.00
40590a6b,matured,+relist,2,361.87,361.87,0.00,0.00020147005583764476,0.0735,0.0625,2026-09-09T13:39:08.606816+00:00,2026-09-09T20:51:08.606816+00:00,2026-09-11T20:51:08.606816+00:00,2026-09-11T23:15:08.606816+00:00,0.15
3abd92bc,cancelled,+relist,2,386.54,386.54,0.00,0.00020147005583764476,0.0735,0.0625,2026-09-09T13:39:08.606816+00:00,,,2026-09-09T20:51:08.606816+00:00,0.00
75414b34,cancelled,+relist,2,394.77,394.77,0.00,0.00020147005583764476,0.0735,0.0625,2026-09-09T13:39:08.606816+00:00,,,2026-09-09T20:51:08.606816+00:00,0.00
5fa431bb,cancelled,+relist,2,444.12,444.12,0.00,0.00020147005583764476,0.0735,0.0625,2026-09-09T13:39:08.606816+00:00,,,2026-09-09T20:51:08.606816+00:00,0.00
3706a156,matured,+relist,2,477.01,477.01,0.00,0.00020147005583764476,0.0735,0.0625,2026-09-09T13:39:08.606816+00:00,2026-09-09T20:51:08.606816+00:00,2026-09-11T20:51:08.606816+00:00,2026-09-11T23:15:08.606816+00:00,0.19
771494e2,matured,+relist,2,493.46,493.46,0.00,0.00020147005583764476,0.0735,0.0625,2026-09-09T13:39:08.606816+00:00,2026-09-09T20:51:08.606816+00:00,2026-09-11T20:51:08.606816+00:00,2026-09-11T23:15:08.606816+00:00,0.20
5738e536,cancelled,+relist,2,501.69,501.69,0.00,0.00020147005583764476,0.0735,0.0625,2026-09-09T13:39:08.606816+00:00,,,2026-09-09T20:51:08.606816+00:00,0.00
e7fac102,matured,+relist,2,526.36,526.36,0.00,0.00020147005583764476,0.0735,0.0625,2026-09-09T13:39:08.606816+00:00,2026-09-09T20:51:08.606816+00:00,2026-09-11T20:51:08.606816+00:00,2026-09-11T23:15:08.606816+00:00,0.21
9f6195d2,matured,+relist,2,551.03,551.03,0.00,0.00020147005583764476,0.0735,0.0625,2026-09-09T13:39:08.606816+00:00,2026-09-09T20:51:08.606816+00:00,2026-09-11T20:51:08.606816+00:00,2026-09-11T23:15:08.606816+00:00,0.22
d628374e,cancelled,+relist,2,559.26,559.26,0.00,0.00020147005583764476,0.0735,0.0625,2026-09-09T13:39:08.606816+00:00,,,2026-09-09T20:51:08.606816+00:00,0.00
1a2c2cba,cancelled,+relist,2,575.70,575.70,0.00,0.00020147005583764476,0.0735,0.0625,2026-09-09T13:39:08.606816+00:00,,,2026-09-09T20:51:08.606816+00:00,0.00
4baa6557,matured,+relist,2,583.93,583.93,0.00,0.00020147005583764476,0.0735,0.0625,2026-09-09T13:39:08.606816+00:00,2026-09-09T20:51:08.606816+00:00,2026-09-11T20:51:08.606816+00:00,2026-09-11T23:15:08.606816+00:00,0.24
5250fe13,matured,+relist,2,633.28,633.28,0.00,0.00020147005583764476,0.0735,0.0625,2026-09-09T13:39:08.606816+00:00,2026-09-09T20:51:08.606816+00:00,2026-09-11T20:51:08.606816+00:00,2026-09-11T23:15:08.606816+00:00,0.26
29b36463,matured,+relist,2,641.50,641.50,0.00,0.00020147005583764476,0.0735,0.0625,2026-09-09T13:39:08.606816+00:00,2026-09-09T20:51:08.606816+00:00,2026-09-11T20:51:08.606816+00:00,2026-09-11T23:15:08.606816+00:00,0.26
fcc41abc,matured,+relist,2,649.72,649.72,0.00,0.00020147005583764476,0.0735,0.0625,2026-09-09T13:39:08.606816+00:00,2026-09-09T20:51:08.606816+00:00,2026-09-11T20:51:08.606816+00:00,2026-09-11T23:15:08.606816+00:00,0.26
bfdf2a17,matured,+relist,2,682.62,682.62,0.00,0.00020147005583764476,0.0735,0.0625,2026-09-09T13:39:08.606816+00:00,2026-09-09T20:51:08.606816+00:00,2026-09-11T20:51:08.606816+00:00,2026-09-11T23:15:08.606816+00:00,0.28
fe050a5a,matured,+relist,2,740.19,740.19,0.00,0.00020147005583764476,0.0735,0.0625,2026-09-09T13:39:08.606816+00:00,2026-09-09T20:51:08.606816+00:00,2026-09-11T20:51:08.606816+00:00,2026-09-11T23:15:08.606816+00:00,0.30
fab68340,matured,+relist,2,756.64,756.64,0.00,0.00020147005583764476,0.0735,0.0625,2026-09-09T13:39:08.606816+00:00,2026-09-09T20:51:08.606816+00:00,2026-09-11T20:51:08.606816+00:00,2026-09-11T23:15:08.606816+00:00,0.30
d187fcaa,cancelled,+relist,2,764.86,764.86,0.00,0.00020147005583764476,0.0735,0.0625,2026-09-09T13:39:08.606816+00:00,,,2026-09-09T20:51:08.606816+00:00,0.00
93757860,cancelled,+relist,2,781.31,781.31,0.00,0.00020147005583764476,0.0735,0.0625,2026-09-09T13:39:08.606816+00:00,,,2026-09-09T20:51:08.606816+00:00,0.00
5b120960,cancelled,+relist,2,789.54,789.54,0.00,0.00020147005583764476,0.0735,0.0625,2026-09-09T13:39:08.606816+00:00,,,2026-09-09T20:51:08.606816+00:00,0.00
65df72c1,cancelled,+relist,2,797.76,797.76,0.00,0.00020147005583764476,0.0735,0.0625,2026-09-09T13:39:08.606816+00:00,,,2026-09-09T20:51:08.606816+00:00,0.00
4f42ceab,matured,+relist,2,805.99,805.99,0.00,0.00020147005583764476,0.0735,0.0625,2026-09-09T13:39:08.606816+00:00,2026-09-09T20:51:08.606816+00:00,2026-09-11T20:51:08.606816+00:00,2026-09-11T23:15:08.606816+00:00,0.32
03149b08,matured,+relist,2,814.21,814.21,0.00,0.00020147005583764476,0.0735,0.0625,2026-09-09T13:39:08.606816+00:00,2026-09-09T20:51:08.606816+00:00,2026-09-11T20:51:08.606816+00:00,2026-09-11T23:15:08.606816+00:00,0.33
8713f31f,matured,+relist,2,871.78,871.78,0.00,0.00020147005583764476,0.0735,0.0625,2026-09-09T13:39:08.606816+00:00,2026-09-09T20:51:08.606816+00:00,2026-09-11T20:51:08.606816+00:00,2026-09-11T23:15:08.606816+00:00,0.35
03bbb3a4,matured,+relist,2,888.23,888.23,0.00,0.00020147005583764476,0.0735,0.0625,2026-09-09T13:39:08.606816+00:00,2026-09-09T20:51:08.606816+00:00,2026-09-11T20:51:08.606816+00:00,2026-09-11T23:15:08.606816+00:00,0.36
66194fb1,matured,+relist,2,912.90,912.90,0.00,0.00020147005583764476,0.0735,0.0625,2026-09-09T13:39:08.606816+00:00,2026-09-09T20:51:08.606816+00:00,2026-09-11T20:51:08.606816+00:00,2026-09-11T23:15:08.606816+00:00,0.37
5e5b6e50,cancelled,+relist,2,921.13,921.13,0.00,0.00020147005583764476,0.0735,0.0625,2026-09-09T13:39:08.606816+00:00,,,2026-09-09T20:51:08.606816+00:00,0.00
9c1be64f,cancelled,+relist,2,929.35,929.35,0.00,0.00020147005583764476,0.0735,0.0625,2026-09-09T13:39:08.606816+00:00,,,2026-09-09T20:51:08.606816+00:00,0.00
baadfae8,matured,+relist,2,937.58,937.58,0.00,0.00020147005583764476,0.0735,0.0625,2026-09-09T13:39:08.606816+00:00,2026-09-09T20:51:08.606816+00:00,2026-09-11T20:51:08.606816+00:00,2026-09-11T23:15:08.606816+00:00,0.38
a10ce659,matured,+relist,2,962.25,962.25,0.00,0.00020147005583764476,0.0735,0.0625,2026-09-09T13:39:08.606816+00:00,2026-09-09T20:51:08.606816+00:00,2026-09-11T20:51:08.606816+00:00,2026-09-11T23:15:08.606816+00:00,0.39
3201de67,matured,+relist,2,970.47,970.47,0.00,0.00020147005583764476,0.0735,0.0625,2026-09-09T13:39:08.606816+00:00,2026-09-09T20:51:08.606816+00:00,2026-09-11T20:51:08.606816+00:00,2026-09-11T23:15:08.606816+00:00,0.39
7919d435,matured,+relist,2,986.92,986.92,0.00,0.00020147005583764476,0.0735,0.0625,2026-09-09T13:39:08.606816+00:00,2026-09-09T20:51:08.606816+00:00,2026-09-11T20:51:08.606816+00:00,2026-09-11T23:15:08.606816+00:00,0.40
0843da5a,cancelled,+relist,2,1003.37,1003.37,0.00,0.00020147005583764476,0.0735,0.0625,2026-09-09T13:39:08.606816+00:00,,,2026-09-09T20:51:08.606816+00:00,0.00
6fb3b264,cancelled,+relist,2,1019.82,1019.82,0.00,0.00020147005583764476,0.0735,0.0625,2026-09-09T13:39:08.606816+00:00,,,2026-09-09T20:51:08.606816+00:00,0.00
c11ac5b3,matured,+relist,2,1036.27,1036.27,0.00,0.00020147005583764476,0.0735,0.0625,2026-09-09T13:39:08.606816+00:00,2026-09-09T20:51:08.606816+00:00,2026-09-11T20:51:08.606816+00:00,2026-09-11T23:15:08.606816+00:00,0.42
841f52e3,matured,+relist,2,1060.94,1060.94,0.00,0.00020147005583764476,0.0735,0.0625,2026-09-09T13:39:08.606816+00:00,2026-09-09T20:51:08.606816+00:00,2026-09-11T20:51:08.606816+00:00,2026-09-11T23:15:08.606816+00:00,0.43
f4fc41b1,matured,+relist,2,1069.17,1069.17,0.00,0.00020147005583764476,0.0735,0.0625,2026-09-09T13:39:08.606816+00:00,2026-09-09T20:51:08.606816+00:00,2026-09-11T20:51:08.606816+00:00,2026-09-11T23:15:08.606816+00:00,0.43
8573c1c2,cancelled,+relist,2,1093.84,1093.84,0.00,0.00020147005583764476,0.0735,0.0625,2026-09-09T13:39:08.606816+00:00,,,2026-09-09T20:51:08.606816+00:00,0.00
dbcc5faf,matured,+relist,2,1110.29,1110.29,0.00,0.00020147005583764476,0.0735,0.0625,2026-09-09T13:39:08.606816+00:00,2026-09-09T20:51:08.606816+00:00,2026-09-11T20:51:08.606816+00:00,2026-09-11T23:15:08.606816+00:00,0.45
03cbfbc6,cancelled,+relist,2,1118.51,1118.51,0.00,0.00020147005583764476,0.0735,0.0625,2026-09-09T13:39:08.606816+00:00,,,2026-09-09T20:51:08.606816+00:00,0.00
3d6e22c7,cancelled,+relist,2,1134.96,1134.96,0.00,0.00020147005583764476,0.0735,0.0625,2026-09-09T13:39:08.606816+00:00,,,2026-09-09T20:51:08.606816+00:00,0.00
c85902f5,cancelled,+relist,2,1151.41,1151.41,0.00,0.00020147005583764476,0.0735,0.0625,2026-09-09T13:39:08.606816+00:00,,,2026-09-09T20:51:08.606816+00:00,0.00
58444acb,matured,+relist,2,1167.86,1167.86,0.00,0.00020147005583764476,0.0735,0.0625,2026-09-09T13:39:08.606816+00:00,2026-09-09T20:51:08.606816+00:00,2026-09-11T20:51:08.606816+00:00,2026-09-11T23:15:08.606816+00:00,0.47
51705a53,matured,+relist,2,1192.53,1192.53,0.00,0.00020147005583764476,0.0735,0.0625,2026-09-09T13:39:08.606816+00:00,2026-09-09T20:51:08.606816+00:00,2026-09-11T20:51:08.606816+00:00,2026-09-11T23:15:08.606816+00:00,0.48
525569c6,matured,+relist,2,1217.20,1217.20,0.00,0.00020147005583764476,0.0735,0.0625,2026-09-09T13:39:08.606816+00:00,2026-09-09T20:51:08.606816+00:00,2026-09-11T20:51:08.606816+00:00,2026-09-11T23:15:08.606816+00:00,0.49
7dd1e213,matured,+relist,2,1241.88,1241.88,0.00,0.00020147005583764476,0.0735,0.0625,2026-09-09T13:39:08.606816+00:00,2026-09-09T20:51:08.606816+00:00,2026-09-11T20:51:08.606816+00:00,2026-09-11T23:15:08.606816+00:00,0.50
de5d33ef,matured,+relist,2,1250.10,1250.10,0.00,0.00020147005583764476,0.0735,0.0625,2026-09-09T13:39:08.606816+00:00,2026-09-09T20:51:08.606816+00:00,2026-09-11T20:51:08.606816+00:00,2026-09-11T23:15:08.606816+00:00,0.50
85e1d9a9,cancelled,+relist,2,1283.00,1283.00,0.00,0.00020147005583764476,0.0735,0.0625,2026-09-09T13:39:08.606816+00:00,,,2026-09-09T20:51:08.606816+00:00,0.00
34d0e523,matured,+relist,2,1291.22,1291.22,0.00,0.00020147005583764476,0.0735,0.0625,2026-09-09T13:39:08.606816+00:00,2026-09-09T20:51:08.606816+00:00,2026-09-11T20:51:08.606816+00:00,2026-09-11T23:15:08.606816+00:00,0.52
100fcf2a,matured,+relist,2,1299.45,1299.45,0.00,0.00020147005583764476,0.0735,0.0625,2026-09-09T13:39:08.606816+00:00,2026-09-09T20:51:08.606816+00:00,2026-09-11T20:51:08.606816+00:00,2026-09-11T23:15:08.606816+00:00,0.52
8b6eeef3,cancelled,+relist,2,1324.12,1324.12,0.00,0.00020147005583764476,0.0735,0.0625,2026-09-09T13:39:08.606816+00:00,,,2026-09-09T20:51:08.606816+00:00,0.00
7e46d2b5,matured,+relist,2,1332.35,1332.35,0.00,0.00020147005583764476,0.0735,0.0625,2026-09-09T13:39:08.606816+00:00,2026-09-09T20:51:08.606816+00:00,2026-09-11T20:51:08.606816+00:00,2026-09-11T23:15:08.606816+00:00,0.54
977a96e2,cancelled,+relist,2,1340.57,1340.57,0.00,0.00020147005583764476,0.0735,0.0625,2026-09-09T13:39:08.606816+00:00,,,2026-09-09T20:51:08.606816+00:00,0.00
9c7c5ce5,matured,+relist,2,1348.79,1348.79,0.00,0.00020147005583764476,0.0735,0.0625,2026-09-09T13:39:08.606816+00:00,2026-09-09T20:51:08.606816+00:00,2026-09-11T20:51:08.606816+00:00,2026-09-11T23:15:08.606816+00:00,0.54
dfa25d45,matured,+relist,2,1357.02,1357.02,0.00,0.00020147005583764476,0.0735,0.0625,2026-09-09T13:39:08.606816+00:00,2026-09-09T20:51:08.606816+00:00,2026-09-11T20:51:08.606816+00:00,2026-09-11T23:15:08.606816+00:00,0.55
c19822d1,cancelled,+relist,2,1373.47,1373.47,0.00,0.00020147005583764476,0.0735,0.0625,2026-09-09T13:39:08.606816+00:00,,,2026-09-09T20:51:08.606816+00:00,0.00
28fa1723,matured,+relist,2,1389.92,1389.92,0.00,0.00020147005583764476,0.0735,0.0625,2026-09-09T13:39:08.606816+00:00,2026-09-09T20:51:08.606816+00:00,2026-09-11T20:51:08.606816+00:00,2026-09-11T23:15:08.606816+00:00,0.56
5cbca48c,cancelled,+relist,2,1398.14,1398.14,0.00,0.00020147005583764476,0.0735,0.0625,2026-09-09T13:39:08.606816+00:00,,,2026-09-09T20:51:08.606816+00:00,0.00
efe8c3cf,cancelled,+relist,2,1431.04,1431.04,0.00,0.00020147005583764476,0.0735,0.0625,2026-09-09T13:39:08.606816+00:00,,,2026-09-09T20:51:08.606816+00:00,0.00
edeb9194,matured,+relist,2,1447.49,1447.49,0.00,0.00020147005583764476,0.0735,0.0625,2026-09-09T13:39:08.606816+00:00,2026-09-09T20:51:08.606816+00:00,2026-09-11T20:51:08.606816+00:00,2026-09-11T23:15:08.606816+00:00,0.58
a69278b5,matured,+relist,2,1455.71,1455.71,0.00,0.00020147005583764476,0.0735,0.0625,2026-09-09T13:39:08.606816+00:00,2026-09-09T20:51:08.606816+00:00,2026-09-11T20:51:08.606816+00:00,2026-09-11T23:15:08.606816+00:00,0.59
8fcfab5b,matured,+relist,2,1472.16,1472.16,0.00,0.00020147005583764476,0.0735,0.0625,2026-09-09T13:39:08.606816+00:00,2026-09-09T20:51:08.606816+00:00,2026-09-11T20:51:08.606816+00:00,2026-09-11T23:15:08.606816+00:00,0.59
70cf56e5,cancelled,+relist,2,1496.83,1496.83,0.00,0.00020147005583764476,0.0735,0.0625,2026-09-09T13:39:08.606816+00:00,,,2026-09-09T20:51:08.606816+00:00,0.00
906d25fb,matured,+relist,2,1505.06,1505.06,0.00,0.00020147005583764476,0.0735,0.0625,2026-09-09T13:39:08.606816+00:00,2026-09-09T20:51:08.606816+00:00,2026-09-11T20:51:08.606816+00:00,2026-09-11T23:15:08.606816+00:00,0.61
69a06cc8,matured,+relist,2,1546.18,1546.18,0.00,0.00020147005583764476,0.0735,0.0625,2026-09-09T13:39:08.606816+00:00,2026-09-09T20:51:08.606816+00:00,2026-09-11T20:51:08.606816+00:00,2026-09-11T23:15:08.606816+00:00,0.62
d850f951,matured,+relist,2,1554.40,1554.40,0.00,0.00020147005583764476,0.0735,0.0625,2026-09-09T13:39:08.606816+00:00,2026-09-09T20:51:08.606816+00:00,2026-09-11T20:51:08.606816+00:00,2026-09-11T23:15:08.606816+00:00,0.63
827517b1,cancelled,+relist,2,1570.85,1570.85,0.00,0.00020147005583764476,0.0735,0.0625,2026-09-09T13:39:08.606816+00:00,,,2026-09-09T20:51:08.606816+00:00,0.00
02ad5c5d,matured,+relist,2,1579.08,1579.08,0.00,0.00020147005583764476,0.0735,0.0625,2026-09-09T13:39:08.606816+00:00,2026-09-09T20:51:08.606816+00:00,2026-09-11T20:51:08.606816+00:00,2026-09-11T23:15:08.606816+00:00,0.64
181b89ee,cancelled,+relist,2,1611.97,1611.97,0.00,0.00020147005583764476,0.0735,0.0625,2026-09-09T13:39:08.606816+00:00,,,2026-09-09T20:51:08.606816+00:00,0.00
4ebdf5d0,cancelled,+relist+relist,2,49.35,49.35,0.00,0.00021358791298444155,0.0780,0.0663,2026-09-09T20:51:08.606816+00:00,,,2026-09-10T04:03:08.606816+00:00,0.00
73bcf82b,matured,+relist+relist,2,90.47,90.47,0.00,0.00021358791298444155,0.0780,0.0663,2026-09-09T20:51:08.606816+00:00,2026-09-10T04:03:08.606816+00:00,2026-09-12T04:03:08.606816+00:00,2026-09-12T06:27:08.606816+00:00,0.04
d74c1efb,matured,+relist+relist,2,139.81,139.81,0.00,0.00021358791298444155,0.0780,0.0663,2026-09-09T20:51:08.606816+00:00,2026-09-10T04:03:08.606816+00:00,2026-09-12T04:03:08.606816+00:00,2026-09-12T06:27:08.606816+00:00,0.06
eac0dfdb,matured,+relist+relist,2,197.38,197.38,0.00,0.00021358791298444155,0.0780,0.0663,2026-09-09T20:51:08.606816+00:00,2026-09-10T04:03:08.606816+00:00,2026-09-12T04:03:08.606816+00:00,2026-09-12T06:27:08.606816+00:00,0.08
94b58bea,matured,+relist+relist,2,238.51,238.51,0.00,0.00021358791298444155,0.0780,0.0663,2026-09-09T20:51:08.606816+00:00,2026-09-10T04:03:08.606816+00:00,2026-09-12T04:03:08.606816+00:00,2026-09-12T06:27:08.606816+00:00,0.10
2548085f,cancelled,+relist+relist,2,279.63,279.63,0.00,0.00021358791298444155,0.0780,0.0663,2026-09-09T20:51:08.606816+00:00,,,2026-09-10T04:03:08.606816+00:00,0.00
929f6122,matured,+relist+relist,2,328.97,328.97,0.00,0.00021358791298444155,0.0780,0.0663,2026-09-09T20:51:08.606816+00:00,2026-09-10T04:03:08.606816+00:00,2026-09-12T04:03:08.606816+00:00,2026-09-12T06:27:08.606816+00:00,0.14
652d7ac8,matured,+relist+relist,2,386.54,386.54,0.00,0.00021358791298444155,0.0780,0.0663,2026-09-09T20:51:08.606816+00:00,2026-09-10T04:03:08.606816+00:00,2026-09-12T04:03:08.606816+00:00,2026-09-12T06:27:08.606816+00:00,0.17
d8999029,cancelled,+relist+relist,2,394.77,394.77,0.00,0.00021358791298444155,0.0780,0.0663,2026-09-09T20:51:08.606816+00:00,,,2026-09-10T04:03:08.606816+00:00,0.00
da765192,matured,+relist+relist,2,444.12,444.12,0.00,0.00021358791298444155,0.0780,0.0663,2026-09-09T20:51:08.606816+00:00,2026-09-10T04:03:08.606816+00:00,2026-09-12T04:03:08.606816+00:00,2026-09-12T06:27:08.606816+00:00,0.19
8ade8400,cancelled,+relist+relist,2,501.69,501.69,0.00,0.00021358791298444155,0.0780,0.0663,2026-09-09T20:51:08.606816+00:00,,,2026-09-10T04:03:08.606816+00:00,0.00
22f0aaee,matured,+relist+relist,2,559.26,559.26,0.00,0.00021358791298444155,0.0780,0.0663,2026-09-09T20:51:08.606816+00:00,2026-09-10T04:03:08.606816+00:00,2026-09-12T04:03:08.606816+00:00,2026-09-12T06:27:08.606816+00:00,0.24
83d635b3,matured,+relist+relist,2,575.70,575.70,0.00,0.00021358791298444155,0.0780,0.0663,2026-09-09T20:51:08.606816+00:00,2026-09-10T04:03:08.606816+00:00,2026-09-12T04:03:08.606816+00:00,2026-09-12T06:27:08.606816+00:00,0.25
4749ffa5,matured,+relist+relist,2,764.86,764.86,0.00,0.00021358791298444155,0.0780,0.0663,2026-09-09T20:51:08.606816+00:00,2026-09-10T04:03:08.606816+00:00,2026-09-12T04:03:08.606816+00:00,2026-09-12T06:27:08.606816+00:00,0.33
d40a5b5f,matured,+relist+relist,2,781.31,781.31,0.00,0.00021358791298444155,0.0780,0.0663,2026-09-09T20:51:08.606816+00:00,2026-09-10T04:03:08.606816+00:00,2026-09-12T04:03:08.606816+00:00,2026-09-12T06:27:08.606816+00:00,0.33
09585da7,matured,+relist+relist,2,789.54,789.54,0.00,0.00021358791298444155,0.0780,0.0663,2026-09-09T20:51:08.606816+00:00,2026-09-10T04:03:08.606816+00:00,2026-09-12T04:03:08.606816+00:00,2026-09-12T06:27:08.606816+00:00,0.34
a3c75084,matured,+relist+relist,2,797.76,797.76,0.00,0.00021358791298444155,0.0780,0.0663,2026-09-09T20:51:08.606816+00:00,2026-09-10T04:03:08.606816+00:00,2026-09-12T04:03:08.606816+00:00,2026-09-12T06:27:08.606816+00:00,0.34
048cf7bf,cancelled,+relist+relist,2,921.13,921.13,0.00,0.00021358791298444155,0.0780,0.0663,2026-09-09T20:51:08.606816+00:00,,,2026-09-10T04:03:08.606816+00:00,0.00
b78bd500,matured,+relist+relist,2,929.35,929.35,0.00,0.00021358791298444155,0.0780,0.0663,2026-09-09T20:51:08.606816+00:00,2026-09-10T04:03:08.606816+00:00,2026-09-12T04:03:08.606816+00:00,2026-09-12T06:27:08.606816+00:00,0.40
de64730a,cancelled,+relist+relist,2,1003.37,1003.37,0.00,0.00021358791298444155,0.0780,0.0663,2026-09-09T20:51:08.606816+00:00,,,2026-09-10T04:03:08.606816+00:00,0.00
0b6e9690,cancelled,+relist+relist,2,1019.82,1019.82,0.00,0.00021358791298444155,0.0780,0.0663,2026-09-09T20:51:08.606816+00:00,,,2026-09-10T04:03:08.606816+00:00,0.00
fb13b25e,matured,+relist+relist,2,1093.84,1093.84,0.00,0.00021358791298444155,0.0780,0.0663,2026-09-09T20:51:08.606816+00:00,2026-09-10T04:03:08.606816+00:00,2026-09-12T04:03:08.606816+00:00,2026-09-12T06:27:08.606816+00:00,0.47
dbb3fd9c,matured,+relist+relist,2,1118.51,1118.51,0.00,0.00021358791298444155,0.0780,0.0663,2026-09-09T20:51:08.606816+00:00,2026-09-10T04:03:08.606816+00:00,2026-09-12T04:03:08.606816+00:00,2026-09-12T06:27:08.606816+00:00,0.48
edac9508,matured,+relist+relist,2,1134.96,1134.96,0.00,0.00021358791298444155,0.0780,0.0663,2026-09-09T20:51:08.606816+00:00,2026-09-10T04:03:08.606816+00:00,2026-09-12T04:03:08.606816+00:00,2026-09-12T06:27:08.606816+00:00,0.48
a26b3872,matured,+relist+relist,2,1151.41,1151.41,0.00,0.00021358791298444155,0.0780,0.0663,2026-09-09T20:51:08.606816+00:00,2026-09-10T04:03:08.606816+00:00,2026-09-12T04:03:08.606816+00:00,2026-09-12T06:27:08.606816+00:00,0.49
5e8ec684,cancelled,+relist+relist,2,1283.00,1283.00,0.00,0.00021358791298444155,0.0780,0.0663,2026-09-09T20:51:08.606816+00:00,,,2026-09-10T04:03:08.606816+00:00,0.00
192b3df3,matured,+relist+relist,2,1324.12,1324.12,0.00,0.00021358791298444155,0.0780,0.0663,2026-09-09T20:51:08.606816+00:00,2026-09-10T04:03:08.606816+00:00,2026-09-12T04:03:08.606816+00:00,2026-09-12T06:27:08.606816+00:00,0.57
fdf2cfe6,cancelled,+relist+relist,2,1340.57,1340.57,0.00,0.00021358791298444155,0.0780,0.0663,2026-09-09T20:51:08.606816+00:00,,,2026-09-10T04:03:08.606816+00:00,0.00
0b3c2776,cancelled,+relist+relist,2,1373.47,1373.47,0.00,0.00021358791298444155,0.0780,0.0663,2026-09-09T20:51:08.606816+00:00,,,2026-09-10T04:03:08.606816+00:00,0.00
dba7d46f,cancelled,+relist+relist,2,1398.14,1398.14,0.00,0.00021358791298444155,0.0780,0.0663,2026-09-09T20:51:08.606816+00:00,,,2026-09-10T04:03:08.606816+00:00,0.00
e2f1a29f,cancelled,+relist+relist,2,1431.04,1431.04,0.00,0.00021358791298444155,0.0780,0.0663,2026-09-09T20:51:08.606816+00:00,,,2026-09-10T04:03:08.606816+00:00,0.00
15900b06,cancelled,+relist+relist,2,1496.83,1496.83,0.00,0.00021358791298444155,0.0780,0.0663,2026-09-09T20:51:08.606816+00:00,,,2026-09-10T04:03:08.606816+00:00,0.00
7ff98a91,matured,+relist+relist,2,1570.85,1570.85,0.00,0.00021358791298444155,0.0780,0.0663,2026-09-09T20:51:08.606816+00:00,2026-09-10T04:03:08.606816+00:00,2026-09-12T04:03:08.606816+00:00,2026-09-12T06:27:08.606816+00:00,0.67
043cf01d,matured,+relist+relist,2,1611.97,1611.97,0.00,0.00021358791298444155,0.0780,0.0663,2026-09-09T20:51:08.606816+00:00,2026-09-10T04:03:08.606816+00:00,2026-09-12T04:03:08.606816+00:00,2026-09-12T06:27:08.606816+00:00,0.69
82d3f3e3,cancelled,+relist+relist+relist,2,49.35,49.35,0.00,0.00021861524496203215,0.0798,0.0678,2026-09-10T04:03:08.606816+00:00,,,2026-09-10T11:15:08.606816+00:00,0.00
5bd5c90d,matured,+relist+relist+relist,2,279.63,279.63,0.00,0.00021861524496203215,0.0798,0.0678,2026-09-10T04:03:08.606816+00:00,2026-09-10T11:15:08.606816+00:00,2026-09-12T11:15:08.606816+00:00,2026-09-12T13:39:08.606816+00:00,0.12
60402f3d,matured,+relist+relist+relist,2,394.77,394.77,0.00,0.00021861524496203215,0.0798,0.0678,2026-09-10T04:03:08.606816+00:00,2026-09-10T11:15:08.606816+00:00,2026-09-12T11:15:08.606816+00:00,2026-09-12T13:39:08.606816+00:00,0.17
088ee7e7,cancelled,+relist+relist+relist,2,501.69,501.69,0.00,0.00021861524496203215,0.0798,0.0678,2026-09-10T04:03:08.606816+00:00,,,2026-09-10T11:15:08.606816+00:00,0.00
2bc047db,cancelled,+relist+relist+relist,2,921.13,921.13,0.00,0.00021861524496203215,0.0798,0.0678,2026-09-10T04:03:08.606816+00:00,,,2026-09-10T11:15:08.606816+00:00,0.00
a90bdecd,cancelled,+relist+relist+relist,2,1003.37,1003.37,0.00,0.00021861524496203215,0.0798,0.0678,2026-09-10T04:03:08.606816+00:00,,,2026-09-10T11:15:08.606816+00:00,0.00
3ef9cb92,matured,+relist+relist+relist,2,1019.82,1019.82,0.00,0.00021861524496203215,0.0798,0.0678,2026-09-10T04:03:08.606816+00:00,2026-09-10T11:15:08.606816+00:00,2026-09-12T11:15:08.606816+00:00,2026-09-12T13:39:08.606816+00:00,0.45
bd24bdf2,matured,+relist+relist+relist,2,1283.00,1283.00,0.00,0.00021861524496203215,0.0798,0.0678,2026-09-10T04:03:08.606816+00:00,2026-09-10T11:15:08.606816+00:00,2026-09-12T11:15:08.606816+00:00,2026-09-12T13:39:08.606816+00:00,0.56
c3db6480,matured,+relist+relist+relist,2,1340.57,1340.57,0.00,0.00021861524496203215,0.0798,0.0678,2026-09-10T04:03:08.606816+00:00,2026-09-10T11:15:08.606816+00:00,2026-09-12T11:15:08.606816+00:00,2026-09-12T13:39:08.606816+00:00,0.59
bcda38fb,matured,+relist+relist+relist,2,1373.47,1373.47,0.00,0.00021861524496203215,0.0798,0.0678,2026-09-10T04:03:08.606816+00:00,2026-09-10T11:15:08.606816+00:00,2026-09-12T11:15:08.606816+00:00,2026-09-12T13:39:08.606816+00:00,0.60
74459071,matured,+relist+relist+relist,2,1398.14,1398.14,0.00,0.00021861524496203215,0.0798,0.0678,2026-09-10T04:03:08.606816+00:00,2026-09-10T11:15:08.606816+00:00,2026-09-12T11:15:08.606816+00:00,2026-09-12T13:39:08.606816+00:00,0.61
67f2e549,matured,+relist+relist+relist,2,1431.04,1431.04,0.00,0.00021861524496203215,0.0798,0.0678,2026-09-10T04:03:08.606816+00:00,2026-09-10T11:15:08.606816+00:00,2026-09-12T11:15:08.606816+00:00,2026-09-12T13:39:08.606816+00:00,0.63
57833b8d,matured,+relist+relist+relist,2,1496.83,1496.83,0.00,0.00021861524496203215,0.0798,0.0678,2026-09-10T04:03:08.606816+00:00,2026-09-10T11:15:08.606816+00:00,2026-09-12T11:15:08.606816+00:00,2026-09-12T13:39:08.606816+00:00,0.65
8259887f,matured,+relist+relist+relist+relist,2,49.35,49.35,0.00,0.00020818671533557586,0.0760,0.0646,2026-09-10T11:15:08.606816+00:00,2026-09-10T18:27:08.606816+00:00,2026-09-12T18:27:08.606816+00:00,2026-09-12T20:51:08.606816+00:00,0.02
3120a5fa,cancelled,+relist+relist+relist+relist,2,501.69,501.69,0.00,0.00020818671533557586,0.0760,0.0646,2026-09-10T11:15:08.606816+00:00,,,2026-09-10T18:27:08.606816+00:00,0.00
b909c337,matured,+relist+relist+relist+relist,2,921.13,921.13,0.00,0.00020818671533557586,0.0760,0.0646,2026-09-10T11:15:08.606816+00:00,2026-09-10T18:27:08.606816+00:00,2026-09-12T18:27:08.606816+00:00,2026-09-12T20:51:08.606816+00:00,0.38
96b5f756,cancelled,+relist+relist+relist+relist,2,1003.37,1003.37,0.00,0.00020818671533557586,0.0760,0.0646,2026-09-10T11:15:08.606816+00:00,,,2026-09-10T18:27:08.606816+00:00,0.00
8cc0d851,cancelled,+relist+relist+relist+relist+relist,2,501.69,501.69,0.00,0.00021107136557369874,0.0770,0.0655,2026-09-10T18:27:08.606816+00:00,,,2026-09-11T01:39:08.606816+00:00,0.00
38475420,matured,+relist+relist+relist+relist+relist,2,1003.37,1003.37,0.00,0.00021107136557369874,0.0770,0.0655,2026-09-10T18:27:08.606816+00:00,2026-09-11T01:39:08.606816+00:00,2026-09-13T01:39:08.606816+00:00,2026-09-13T04:03:08.606816+00:00,0.42
18d34b48,matured,+relist+relist+relist+relist+relist+relist,2,501.69,501.69,0.00,0.00019949397979544649,0.0728,0.0619,2026-09-11T01:39:08.606816+00:00,2026-09-11T08:51:08.606816+00:00,2026-09-13T08:51:08.606816+00:00,2026-09-13T11:15:08.606816+00:00,0.20
98ff53a2,active,,2,59.00,58.58,0.42,0.0001897011787132477,0.0692,0.0589,2026-09-11T16:03:08.606816+00:00,2026-09-11T23:15:08.606816+00:00,2026-09-13T23:15:08.606816+00:00,,
13051e74,cancelled,,2,73.75,73.22,0.53,0.00021709843898722031,0.0792,0.0674,2026-09-11T16:03:08.606816+00:00,,,2026-09-11T23:15:08.606816+00:00,0.00
31a8945c,cancelled,,2,88.50,87.87,0.63,0.0002444956992611929,0.0892,0.0759,2026-09-11T16:03:08.606816+00:00,,,2026-09-11T23:15:08.606816+00:00,0.00
ae220ec3,active,,2,103.25,102.51,0.74,0.0002718929595351655,0.0992,0.0844,2026-09-11T16:03:08.606816+00:00,2026-09-11T23:15:08.606816+00:00,2026-09-13T23:15:08.606816+00:00,,
7852db13,cancelled,,2,118.00,117.16,0.84,0.00029929021980913814,0.1092,0.0929,2026-09-11T16:03:08.606816+00:00,,,2026-09-11T23:15:08.606816+00:00,0.00
3bfea98f,active,,2,132.75,131.80,0.95,0.00032668748008311073,0.1192,0.1014,2026-09-11T16:03:08.606816+00:00,2026-09-11T23:15:08.606816+00:00,2026-09-13T23:15:08.606816+00:00,,
ae3c3b1e,active,,2,147.50,146.45,1.05,0.0003540847403570833,0.1292,0.1099,2026-09-11T16:03:08.606816+00:00,2026-09-11T23:15:08.606816+00:00,2026-09-13T23:15:08.606816+00:00,,
b1e80173,active,,2,162.25,161.09,1.16,0.0003814820006310559,0.1392,0.1184,2026-09-11T16:03:08.606816+00:00,2026-09-11T23:15:08.606816+00:00,2026-09-13T23:15:08.606816+00:00,,
9cc43bf5,active,,2,177.00,175.74,1.26,0.0004088792609050285,0.1492,0.1269,2026-09-11T16:03:08.606816+00:00,2026-09-11T23:15:08.606816+00:00,2026-09-13T23:15:08.606816+00:00,,
d6044031,active,,2,191.75,190.38,1.37,0.0004362765211790011,0.1592,0.1354,2026-09-11T16:03:08.606816+00:00,2026-09-11T23:15:08.606816+00:00,2026-09-13T23:15:08.606816+00:00,,
b78ff141,cancelled,,2,206.50,205.03,1.47,0.0004636737814529737,0.1692,0.1439,2026-09-11T16:03:08.606816+00:00,,,2026-09-11T23:15:08.606816+00:00,0.00
f5e852f1,cancelled,,2,221.25,219.67,1.58,0.0004910710417269464,0.1792,0.1524,2026-09-11T16:03:08.606816+00:00,,,2026-09-11T23:15:08.606816+00:00,0.00
ebe69c75,cancelled,,2,236.00,234.32,1.68,0.000518468302000919,0.1892,0.1609,2026-09-11T16:03:08.606816+00:00,,,2026-09-11T23:15:08.606816+00:00,0.00
da0823a5,active,,2,250.75,248.96,1.79,0.0005458655622748916,0.1992,0.1694,2026-09-11T16:03:08.606816+00:00,2026-09-11T23:15:08.606816+00:00,2026-09-13T23:15:08.606816+00:00,,
af7a750a,active,,2,265.50,263.61,1.89,0.0005732628225488641,0.2092,0.1779,2026-09-11T16:03:08.606816+00:00,2026-09-11T23:15:08.606816+00:00,2026-09-13T23:15:08.606816+00:00,,
a65369db,active,,2,280.25,278.25,2.00,0.0006006600828228367,0.2192,0.1864,2026-09-11T16:03:08.606816+00:00,2026-09-11T23:15:08.606816+00:00,2026-09-13T23:15:08.606816+00:00,,
f275fcdf,cancelled,,2,295.00,292.90,2.11,0.0006280573430968093,0.2292,0.1949,2026-09-11T16:03:08.606816+00:00,,,2026-09-11T23:15:08.606816+00:00,0.00
1820f965,cancelled,,2,309.75,307.54,2.21,0.0006554546033707819,0.2392,0.2034,2026-09-11T16:03:08.606816+00:00,,,2026-09-11T23:15:08.606816+00:00,0.00
e51849cb,active,,2,324.50,322.19,2.32,0.0006828518636447545,0.2492,0.2119,2026-09-11T16:03:08.606816+00:00,2026-09-11T23:15:08.606816+00:00,2026-09-13T23:15:08.606816+00:00,,
4ef4d65a,active,,2,339.25,336.83,2.42,0.0007102491239187271,0.2592,0.2204,2026-09-11T16:03:08.606816+00:00,2026-09-11T23:15:08.606816+00:00,2026-09-13T23:15:08.606816+00:00,,
dbb4e130,cancelled,,2,354.00,351.48,2.53,0.0007376463841926997,0.2692,0.2289,2026-09-11T16:03:08.606816+00:00,,,2026-09-11T23:15:08.606816+00:00,0.00
2a3362c5,active,,2,368.75,366.12,2.63,0.0007650436444666724,0.2792,0.2374,2026-09-11T16:03:08.606816+00:00,2026-09-11T23:15:08.606816+00:00,2026-09-13T23:15:08.606816+00:00,,
769a3cd4,active,,2,383.50,380.77,2.74,0.000792440904740645,0.2892,0.2459,2026-09-11T16:03:08.606816+00:00,2026-09-11T23:15:08.606816+00:00,2026-09-13T23:15:08.606816+00:00,,
d4b2d0a7,active,,2,398.25,395.41,2.84,0.0008198381650146176,0.2992,0.2544,2026-09-11T16:03:08.606816+00:00,2026-09-11T23:15:08.606816+00:00,2026-09-13T23:15:08.606816+00:00,,
6b50b571,active,,2,413.00,410.05,2.95,0.0008472354252885902,0.3092,0.2629,2026-09-11T16:03:08.606816+00:00,2026-09-11T23:15:08.606816+00:00,2026-09-13T23:15:08.606816+00:00,,
f710b2a6,cancelled,,2,427.75,424.70,3.05,0.0008746326855625627,0.3192,0.2714,2026-09-11T16:03:08.606816+00:00,,,2026-09-11T23:15:08.606816+00:00,0.00
452d783a,cancelled,,2,442.50,439.34,3.16,0.0009020299458365353,0.3292,0.2799,2026-09-11T16:03:08.606816+00:00,,,2026-09-11T23:15:08.606816+00:00,0.00
ee79cf11,cancelled,,2,457.25,453.99,3.26,0.0009294272061105079,0.3392,0.2884,2026-09-11T16:03:08.606816+00:00,,,2026-09-11T23:15:08.606816+00:00,0.00
f9c98308,active,,2,472.00,468.63,3.37,0.0009568244663844806,0.3492,0.2969,2026-09-11T16:03:08.606816+00:00,2026-09-11T23:15:08.606816+00:00,2026-09-13T23:15:08.606816+00:00,,
aea075dd,cancelled,,2,486.75,483.28,3.47,0.0009842217266584532,0.3592,0.3054,2026-09-11T16:03:08.606816+00:00,,,2026-09-11T23:15:08.606816+00:00,0.00
0503d63c,cancelled,,2,501.50,497.92,3.58,0.001011618986932426,0.3692,0.3139,2026-09-11T16:03:08.606816+00:00,,,2026-09-11T23:15:08.606816+00:00,0.00
36690b0e,active,,2,516.25,512.57,3.68,0.0010390162472063984,0.3792,0.3224,2026-09-11T16:03:08.606816+00:00,2026-09-11T23:15:08.606816+00:00,2026-09-13T23:15:08.606816+00:00,,
966438f4,cancelled,,2,531.00,527.21,3.79,0.001066413507480371,0.3892,0.3309,2026-09-11T16:03:08.606816+00:00,,,2026-09-11T23:15:08.606816+00:00,0.00
33513379,cancelled,,2,545.75,541.86,3.90,0.0010938107677543436,0.3992,0.3394,2026-09-11T16:03:08.606816+00:00,,,2026-09-11T23:15:08.606816+00:00,0.00
357c5461,cancelled,,2,560.50,556.50,4.00,0.0011212080280283163,0.4092,0.3479,2026-09-11T16:03:08.606816+00:00,,,2026-09-11T23:15:08.606816+00:00,0.00
4a8f4a4d,active,,2,575.25,571.15,4.11,0.0011486052883022888,0.4192,0.3564,2026-09-11T16:03:08.606816+00:00,2026-09-11T23:15:08.606816+00:00,2026-09-13T23:15:08.606816+00:00,,
64d29526,cancelled,,2,590.00,585.79,4.21,0.0011760025485762614,0.4292,0.3649,2026-09-11T16:03:08.606816+00:00,,,2026-09-11T23:15:08.606816+00:00,0.00
9c628027,active,,2,604.75,600.44,4.32,0.0012033998088502341,0.4392,0.3734,2026-09-11T16:03:08.606816+00:00,2026-09-11T23:15:08.606816+00:00,2026-09-13T23:15:08.606816+00:00,,
f5e7c7f3,cancelled,,2,619.50,615.08,4.42,0.0012307970691242066,0.4492,0.3819,2026-09-11T16:03:08.606816+00:00,,,2026-09-11T23:15:08.606816+00:00,0.00
e0efc77e,active,,2,634.25,629.73,4.53,0.0012581943293981793,0.4592,0.3904,2026-09-11T16:03:08.606816+00:00,2026-09-11T23:15:08.606816+00:00,2026-09-13T23:15:08.606816+00:00,,
da062817,cancelled,,2,649.00,644.37,4.63,0.0012855915896721518,0.4692,0.3989,2026-09-11T16:03:08.606816+00:00,,,2026-09-11T23:15:08.606816+00:00,0.00
005d78c0,cancelled,,2,663.75,659.02,4.74,0.0013129888499461245,0.4792,0.4074,2026-09-11T16:03:08.606816+00:00,,,2026-09-11T23:15:08.606816+00:00,0.00
a3ae1b79,active,,2,678.50,673.66,4.84,0.0013403861102200972,0.4892,0.4159,2026-09-11T16:03:08.606816+00:00,2026-09-11T23:15:08.606816+00:00,2026-09-13T23:15:08.606816+00:00,,
2df0ef3f,cancelled,,2,693.25,688.31,4.95,0.0013677833704940697,0.4992,0.4244,2026-09-11T16:03:08.606816+00:00,,,2026-09-11T23:15:08.606816+00:00,0.00
78a2314c,cancelled,,2,708.00,702.95,5.05,0.0013951806307680424,0.5092,0.4329,2026-09-11T16:03:08.606816+00:00,,,2026-09-11T23:15:08.606816+00:00,0.00
cd60515e,cancelled,,2,722.75,717.60,5.16,0.0014225778910420149,0.5192,0.4414,2026-09-11T16:03:08.606816+00:00,,,2026-09-11T23:15:08.606816+00:00,0.00
45d8cd7a,cancelled,,2,737.50,732.24,5.26,0.0014499751513159876,0.5292,0.4499,2026-09-11T16:03:08.606816+00:00,,,2026-09-11T23:15:08.606816+00:00,0.00
bfabeaa6,cancelled,,2,752.25,746.89,5.37,0.00147737241158996,0.5392,0.4584,2026-09-11T16:03:08.606816+00:00,,,2026-09-11T23:15:08.606816+00:00,0.00
14a78f7b,cancelled,,2,767.00,761.53,5.47,0.0015047696718639327,0.5492,0.4669,2026-09-11T16:03:08.606816+00:00,,,2026-09-11T23:15:08.606816+00:00,0.00
714a98ea,cancelled,,2,781.75,776.18,5.58,0.0015321669321379054,0.5592,0.4754,2026-09-11T16:03:08.606816+00:00,,,2026-09-11T23:15:08.606816+00:00,0.00
7a9573da,cancelled,,2,796.50,790.82,5.68,0.001559564192411878,0.5692,0.4839,2026-09-11T16:03:08.606816+00:00,,,2026-09-11T23:15:08.606816+00:00,0.00
b45b43dd,cancelled,,2,811.26,805.47,5.79,0.0015869614526858506,0.5792,0.4924,2026-09-11T16:03:08.606816+00:00,,,2026-09-11T23:15:08.606816+00:00,0.00
ced7d9a0,active,,2,826.01,820.11,5.90,0.001614358712959823,0.5892,0.5009,2026-09-11T16:03:08.606816+00:00,2026-09-11T23:15:08.606816+00:00,2026-09-13T23:15:08.606816+00:00,,
236ab643,active,,2,840.76,834.75,6.00,0.0016417559732337958,0.5992,0.5094,2026-09-11T16:03:08.606816+00:00,2026-09-11T23:15:08.606816+00:00,2026-09-13T23:15:08.606816+00:00,,
41ec5c09,cancelled,,2,855.51,849.40,6.11,0.0016691532335077683,0.6092,0.5179,2026-09-11T16:03:08.606816+00:00,,,2026-09-11T23:15:08.606816+00:00,0.00
49480510,cancelled,,2,870.26,864.04,6.21,0.001696550493781741,0.6192,0.5264,2026-09-11T16:03:08.606816+00:00,,,2026-09-11T23:15:08.606816+00:00,0.00
12d74a32,active,,2,885.01,878.69,6.32,0.0017239477540557137,0.6292,0.5349,2026-09-11T16:03:08.606816+00:00,2026-09-11T23:15:08.606816+00:00,2026-09-13T23:15:08.606816+00:00,,
1e3ffd50,active,,2,899.76,893.33,6.42,0.0017513450143296862,0.6392,0.5434,2026-09-11T16:03:08.606816+00:00,2026-09-11T23:15:08.606816+00:00,2026-09-13T23:15:08.606816+00:00,,
2078547c,cancelled,,2,914.51,907.98,6.53,0.0017787422746036589,0.6492,0.5519,2026-09-11T16:03:08.606816+00:00,,,2026-09-11T23:15:08.606816+00:00,0.00
755d66f4,active,,2,929.26,922.62,6.63,0.0018061395348776313,0.6592,0.5604,2026-09-11T16:03:08.606816+00:00,2026-09-11T23:15:08.606816+00:00,2026-09-13T23:15:08.606816+00:00,,
629b2361,active,,2,944.01,937.27,6.74,0.001833536795151604,0.6692,0.5689,2026-09-11T16:03:08.606816+00:00,2026-09-11T23:15:08.606816+00:00,2026-09-13T23:15:08.606816+00:00,,
36cf84fd,active,,2,958.76,951.91,6.84,0.0018609340554255765,0.6792,0.5774,2026-09-11T16:03:08.606816+00:00,2026-09-11T23:15:08.606816+00:00,2026-09-13T23:15:08.606816+00:00,,
cb8c1053,cancelled,,2,973.51,966.56,6.95,0.0018883313156995492,0.6892,0.5859,2026-09-11T16:03:08.606816+00:00,,,2026-09-11T23:15:08.606816+00:00,0.00
ac509be2,active,,2,988.26,981.20,7.05,0.0019157285759735217,0.6992,0.5944,2026-09-11T16:03:08.606816+00:00,2026-09-11T23:15:08.606816+00:00,2026-09-13T23:15:08.606816+00:00,,
0bd94d67,cancelled,,2,1003.01,995.85,7.16,0.0019431258362474944,0.7092,0.6029,2026-09-11T16:03:08.606816+00:00,,,2026-09-11T23:15:08.606816+00:00,0.00
f3996e37,cancelled,,2,1017.76,1010.49,7.26,0.001970523096521467,0.7192,0.6114,2026-09-11T16:03:08.606816+00:00,,,2026-09-11T23:15:08.606816+00:00,0.00
f2823e4c,active,,2,1032.51,1025.14,7.37,0.0019979203567954394,0.7292,0.6199,2026-09-11T16:03:08.606816+00:00,2026-09-11T23:15:08.606816+00:00,2026-09-13T23:15:08.606816+00:00,,
77b50bee,cancelled,,2,1047.26,1039.78,7.47,0.002025317617069412,0.7392,0.6284,2026-09-11T16:03:08.606816+00:00,,,2026-09-11T23:15:08.606816+00:00,0.00
727315ca,active,,2,1062.01,1054.43,7.58,0.0020527148773433848,0.7492,0.6369,2026-09-11T16:03:08.606816+00:00,2026-09-11T23:15:08.606816+00:00,2026-09-13T23:15:08.606816+00:00,,
bc4dbc6a,cancelled,,2,1076.76,1069.07,7.68,0.0020801121376173575,0.7592,0.6454,2026-09-11T16:03:08.606816+00:00,,,2026-09-11T23:15:08.606816+00:00,0.00
4f3a43d2,cancelled,,2,1091.51,1083.72,7.79,0.0021075093978913297,0.7692,0.6539,2026-09-11T16:03:08.606816+00:00,,,2026-09-11T23:15:08.606816+00:00,0.00
3f8ae2ff,active,,2,1106.26,1098.36,7.90,0.0021349066581653024,0.7792,0.6624,2026-09-11T16:03:08.606816+00:00,2026-09-11T23:15:08.606816+00:00,2026-09-13T23:15:08.606816+00:00,,
35fb3247,active,,2,1121.01,1113.01,8.00,0.002162303918439275,0.7892,0.6709,2026-09-11T16:03:08.606816+00:00,2026-09-11T23:15:08.606816+00:00,2026-09-13T23:15:08.606816+00:00,,
b023a476,cancelled,,2,1135.76,1127.65,8.11,0.002189701178713248,0.7992,0.6794,2026-09-11T16:03:08.606816+00:00,,,2026-09-11T23:15:08.606816+00:00,0.00
5c39ab5f,active,,2,1150.51,1142.30,8.21,0.0022170984389872205,0.8092,0.6879,2026-09-11T16:03:08.606816+00:00,2026-09-11T23:15:08.606816+00:00,2026-09-13T23:15:08.606816+00:00,,
5e06a409,cancelled,,2,1165.26,1156.94,8.32,0.002244495699261193,0.8192,0.6964,2026-09-11T16:03:08.606816+00:00,,,2026-09-11T23:15:08.606816+00:00,0.00
57bf703e,cancelled,,2,1180.01,1171.59,8.42,0.0022718929595351655,0.8292,0.7049,2026-09-11T16:03:08.606816+00:00,,,2026-09-11T23:15:08.606816+00:00,0.00
47924f6f,cancelled,,2,1194.76,1186.23,8.53,0.002299290219809138,0.8392,0.7134,2026-09-11T16:03:08.606816+00:00,,,2026-09-11T23:15:08.606816+00:00,0.00
0261942f,cancelled,,2,1209.51,1200.88,8.63,0.002326687480083111,0.8492,0.7219,2026-09-11T16:03:08.606816+00:00,,,2026-09-11T23:15:08.606816+00:00,0.00
3cf8ee60,cancelled,,2,1224.26,1215.52,8.74,0.0023540847403570836,0.8592,0.7304,2026-09-11T16:03:08.606816+00:00,,,2026-09-11T23:15:08.606816+00:00,0.00
ed71c5ce,cancelled,,2,1239.01,1230.16,8.84,0.002381482000631056,0.8692,0.7389,2026-09-11T16:03:08.606816+00:00,,,2026-09-11T23:15:08.606816+00:00,0.00
c68c6298,active,,2,1253.76,1244.81,8.95,0.0024088792609050285,0.8792,0.7474,2026-09-11T16:03:08.606816+00:00,2026-09-11T23:15:08.606816+00:00,2026-09-13T23:15:08.606816+00:00,,
5c4f5b74,cancelled,,2,1268.51,1259.45,9.05,0.0024362765211790012,0.8892,0.7559,2026-09-11T16:03:08.606816+00:00,,,2026-09-11T23:15:08.606816+00:00,0.00
255c29ff,active,,2,1283.26,1274.10,9.16,0.002463673781452974,0.8992,0.7644,2026-09-11T16:03:08.606816+00:00,2026-09-11T23:15:08.606816+00:00,2026-09-13T23:15:08.606816+00:00,,
1c2fc1ff,active,,2,1298.01,1288.74,9.26,0.0024910710417269466,0.9092,0.7729,2026-09-11T16:03:08.606816+00:00,2026-09-11T23:15:08.606816+00:00,2026-09-13T23:15:08.606816+00:00,,
cb7455ef,active,,2,1312.76,1303.39,9.37,0.002518468302000919,0.9192,0.7814,2026-09-11T16:03:08.606816+00:00,2026-09-11T23:15:08.606816+00:00,2026-09-13T23:15:08.606816+00:00,,
d5718678,cancelled,,2,1327.51,1318.03,9.47,0.0025458655622748916,0.9292,0.7899,2026-09-11T16:03:08.606816+00:00,,,2026-09-11T23:15:08.606816+00:00,0.00
b535c24d,cancelled,,2,1342.26,1332.68,9.58,0.0025732628225488643,0.9392,0.7984,2026-09-11T16:03:08.606816+00:00,,,2026-09-11T23:15:08.606816+00:00,0.00
be5fab1f,cancelled,,2,1357.01,1347.32,9.69,0.002600660082822837,0.9492,0.8069,2026-09-11T16:03:08.606816+00:00,,,2026-09-11T23:15:08.606816+00:00,0.00
72231fed,cancelled,,2,1371.76,1361.97,9.79,0.0026280573430968097,0.9592,0.8154,2026-09-11T16:03:08.606816+00:00,,,2026-09-11T23:15:08.606816+00:00,0.00
64d87548,cancelled,,2,1386.51,1376.61,9.90,0.002655454603370782,0.9692,0.8239,2026-09-11T16:03:08.606816+00:00,,,2026-09-11T23:15:08.606816+00:00,0.00
d7006bab,active,,2,1401.26,1391.26,10.00,0.0026828518636447547,0.9792,0.8324,2026-09-11T16:03:08.606816+00:00,2026-09-11T23:15:08.606816+00:00,2026-09-13T23:15:08.606816+00:00,,
faf11f24,active,,2,1416.01,1405.90,10.11,0.0027102491239187274,0.9892,0.8409,2026-09-11T16:03:08.606816+00:00,2026-09-11T23:15:08.606816+00:00,2026-09-13T23:15:08.606816+00:00,,
42b816dd,active,,2,1430.76,1420.55,10.21,0.0027376463841927,0.9992,0.8494,2026-09-11T16:03:08.606816+00:00,2026-09-11T23:15:08.606816+00:00,2026-09-13T23:15:08.606816+00:00,,
e29ef46e,cancelled,,2,1445.51,1435.19,10.32,0.0027650436444666723,1.0092,0.8579,2026-09-11T16:03:08.606816+00:00,,,2026-09-11T23:15:08.606816+00:00,0.00
bf38917f,cancelled,,2,1460.26,1449.84,10.42,0.002792440904740645,1.0192,0.8664,2026-09-11T16:03:08.606816+00:00,,,2026-09-11T23:15:08.606816+00:00,0.00
4f2f0303,cancelled,,2,1475.01,1464.48,10.53,0.0028198381650146177,1.0292,0.8749,2026-09-11T16:03:08.606816+00:00,,,2026-09-11T23:15:08.606816+00:00,0.00
874a63ce,active,,2,1489.76,1479.13,10.63,0.0028472354252885904,1.0392,0.8834,2026-09-11T16:03:08.606816+00:00,2026-09-11T23:15:08.606816+00:00,2026-09-13T23:15:08.606816+00:00,,
3fb634ad,active,,2,1504.51,1493.77,10.74,0.002874632685562563,1.0492,0.8919,2026-09-11T16:03:08.606816+00:00,2026-09-11T23:15:08.606816+00:00,2026-09-13T23:15:08.606816+00:00,,
7382f088,cancelled,,2,1519.26,1508.42,10.84,0.0029020299458365354,1.0592,0.9004,2026-09-11T16:03:08.606816+00:00,,,2026-09-11T23:15:08.606816+00:00,0.00
df9524f4,cancelled,,2,1534.01,1523.06,10.95,0.002929427206110508,1.0692,0.9089,2026-09-11T16:03:08.606816+00:00,,,2026-09-11T23:15:08.606816+00:00,0.00
e31b9eac,active,,2,1548.76,1537.71,11.05,0.0029568244663844808,1.0792,0.9174,2026-09-11T16:03:08.606816+00:00,2026-09-11T23:15:08.606816+00:00,2026-09-13T23:15:08.606816+00:00,,
2d2161a0,active,,2,1563.51,1552.35,11.16,0.0029842217266584535,1.0892,0.9259,2026-09-11T16:03:08.606816+00:00,2026-09-11T23:15:08.606816+00:00,2026-09-13T23:15:08.606816+00:00,,
c48d9a5b,active,,2,1578.26,1567.00,11.26,0.0030116189869324257,1.0992,0.9344,2026-09-11T16:03:08.606816+00:00,2026-09-11T23:15:08.606816+00:00,2026-09-13T23:15:08.606816+00:00,,
345ce6dc,cancelled,+relist,2,73.75,73.72,0.03,0.0001970423332602036,0.0719,0.0611,2026-09-11T23:15:08.606816+00:00,,,2026-09-12T06:27:08.606816+00:00,0.00
4d295893,active,+relist,2,88.50,88.46,0.04,0.0001970423332602036,0.0719,0.0611,2026-09-11T23:15:08.606816+00:00,2026-09-12T06:27:08.606816+00:00,2026-09-14T06:27:08.606816+00:00,,
588fe4e4,cancelled,+relist,2,118.00,117.95,0.05,0.0001970423332602036,0.0719,0.0611,2026-09-11T23:15:08.606816+00:00,,,2026-09-12T06:27:08.606816+00:00,0.00
f2c882ea,active,+relist,2,206.50,206.40,0.10,0.0001970423332602036,0.0719,0.0611,2026-09-11T23:15:08.606816+00:00,2026-09-12T06:27:08.606816+00:00,2026-09-14T06:27:08.606816+00:00,,
c9e266ab,active,+relist,2,221.25,221.14,0.11,0.0001970423332602036,0.0719,0.0611,2026-09-11T23:15:08.606816+00:00,2026-09-12T06:27:08.606816+00:00,2026-09-14T06:27:08.606816+00:00,,
fa3ea7e5,cancelled,+relist,2,236.00,235.87,0.13,0.0001970423332602036,0.0719,0.0611,2026-09-11T23:15:08.606816+00:00,,,2026-09-12T06:27:08.606816+00:00,0.00
a092463b,cancelled,+relist,2,295.00,294.83,0.17,0.0001970423332602036,0.0719,0.0611,2026-09-11T23:15:08.606816+00:00,,,2026-09-12T06:27:08.606816+00:00,0.00
5077d375,active,+relist,2,309.75,309.56,0.19,0.0001970423332602036,0.0719,0.0611,2026-09-11T23:15:08.606816+00:00,2026-09-12T06:27:08.606816+00:00,2026-09-14T06:27:08.606816+00:00,,
37975491,active,+relist,2,354.00,353.76,0.24,0.0001970423332602036,0.0719,0.0611,2026-09-11T23:15:08.606816+00:00,2026-09-12T06:27:08.606816+00:00,2026-09-14T06:27:08.606816+00:00,,
d7875438,active,+relist,2,427.75,427.44,0.32,0.0001970423332602036,0.0719,0.0611,2026-09-11T23:15:08.606816+00:00,2026-09-12T06:27:08.606816+00:00,2026-09-14T06:27:08.606816+00:00,,
63af7218,active,+relist,2,442.50,442.15,0.35,0.0001970423332602036,0.0719,0.0611,2026-09-11T23:15:08.606816+00:00,2026-09-12T06:27:08.606816+00:00,2026-09-14T06:27:08.606816+00:00,,
8a93eb5f,active,+relist,2,457.25,456.86,0.39,0.0001970423332602036,0.0719,0.0611,2026-09-11T23:15:08.606816+00:00,2026-09-12T06:27:08.606816+00:00,2026-09-14T06:27:08.606816+00:00,,
cdb04fde,active,+relist,2,486.75,486.30,0.45,0.0001970423332602036,0.0719,0.0611,2026-09-11T23:15:08.606816+00:00,2026-09-12T06:27:08.606816+00:00,2026-09-14T06:27:08.606816+00:00,,
bf4def52,active,+relist,2,501.50,501.00,0.50,0.0001970423332602036,0.0719,0.0611,2026-09-11T23:15:08.606816+00:00,2026-09-12T06:27:08.606816+00:00,2026-09-14T06:27:08.606816+00:00,,
6af3c223,active,+relist,2,531.00,530.44,0.57,0.0001970423332602036,0.0719,0.0611,2026-09-11T23:15:08.606816+00:00,2026-09-12T06:27:08.606816+00:00,2026-09-14T06:27:08.606816+00:00,,
92318fce,cancelled,+relist,2,545.75,545.13,0.62,0.0001970423332602036,0.0719,0.0611,2026-09-11T23:15:08.606816+00:00,,,2026-09-12T06:27:08.606816+00:00,0.00
04714302,active,+relist,2,560.50,559.83,0.68,0.0001970423332602036,0.0719,0.0611,2026-09-11T23:15:08.606816+00:00,2026-09-12T06:27:08.606816+00:00,2026-09-14T06:27:08.606816+00:00,,
625aef04,active,+relist,2,590.00,589.25,0.76,0.0001970423332602036,0.0719,0.0611,2026-09-11T23:15:08.606816+00:00,2026-09-12T06:27:08.606816+00:00,2026-09-14T06:27:08.606816+00:00,,
ae9ea841,cancelled,+relist,2,619.50,618.66,0.84,0.0001970423332602036,0.0719,0.0611,2026-09-11T23:15:08.606816+00:00,,,2026-09-12T06:27:08.606816+00:00,0.00
df088b00,cancelled,+relist,2,649.00,648.07,0.94,0.0001970423332602036,0.0719,0.0611,2026-09-11T23:15:08.606816+00:00,,,2026-09-12T06:27:08.606816+00:00,0.00
88c9a720,cancelled,+relist,2,663.75,662.74,1.01,0.0001970423332602036,0.0719,0.0611,2026-09-11T23:15:08.606816+00:00,,,2026-09-12T06:27:08.606816+00:00,0.00
4d4de9f8,cancelled,+relist,2,693.25,692.14,1.12,0.0001970423332602036,0.0719,0.0611,2026-09-11T23:15:08.606816+00:00,,,2026-09-12T06:27:08.606816+00:00,0.00
d4129f60,active,+relist,2,708.00,706.81,1.20,0.0001970423332602036,0.0719,0.0611,2026-09-11T23:15:08.606816+00:00,2026-09-12T06:27:08.606816+00:00,2026-09-14T06:27:08.606816+00:00,,
f9561aab,cancelled,+relist,2,722.75,721.47,1.29,0.0001970423332602036,0.0719,0.0611,2026-09-11T23:15:08.606816+00:00,,,2026-09-12T06:27:08.606816+00:00,0.00
6bacd412,active,+relist,2,737.50,736.13,1.37,0.0001970423332602036,0.0719,0.0611,2026-09-11T23:15:08.606816+00:00,2026-09-12T06:27:08.606816+00:00,2026-09-14T06:27:08.606816+00:00,,
c3ce78b7,cancelled,+relist,2,752.25,750.79,1.47,0.0001970423332602036,0.0719,0.0611,2026-09-11T23:15:08.606816+00:00,,,2026-09-12T06:27:08.606816+00:00,0.00
c822f120,cancelled,+relist,2,767.00,765.44,1.56,0.0001970423332602036,0.0719,0.0611,2026-09-11T23:15:08.606816+00:00,,,2026-09-12T06:27:08.606816+00:00,0.00
d0007d60,active,+relist,2,781.75,780.10,1.66,0.0001970423332602036,0.0719,0.0611,2026-09-11T23:15:08.606816+00:00,2026-09-12T06:27:08.606816+00:00,2026-09-14T06:27:08.606816+00:00,,
2a64da4c,active,+relist,2,796.50,794.75,1.76,0.0001970423332602036,0.0719,0.0611,2026-09-11T23:15:08.606816+00:00,2026-09-12T06:27:08.606816+00:00,2026-09-14T06:27:08.606816+00:00,,
d1405c82,cancelled,+relist,2,811.26,809.40,1.86,0.0001970423332602036,0.0719,0.0611,2026-09-11T23:15:08.606816+00:00,,,2026-09-12T06:27:08.606816+00:00,0.00
48589587,active,+relist,2,855.51,853.47,2.04,0.0001970423332602036,0.0719,0.0611,2026-09-11T23:15:08.606816+00:00,2026-09-12T06:27:08.606816+00:00,2026-09-14T06:27:08.606816+00:00,,
f33ca44b,cancelled,+relist,2,870.26,868.11,2.15,0.0001970423332602036,0.0719,0.0611,2026-09-11T23:15:08.606816+00:00,,,2026-09-12T06:27:08.606816+00:00,0.00
1d4a9dab,active,+relist,2,914.51,912.16,2.34,0.0001970423332602036,0.0719,0.0611,2026-09-11T23:15:08.606816+00:00,2026-09-12T06:27:08.606816+00:00,2026-09-14T06:27:08.606816+00:00,,
a981b2f5,active,+relist,2,973.51,970.92,2.59,0.0001970423332602036,0.0719,0.0611,2026-09-11T23:15:08.606816+00:00,2026-09-12T06:27:08.606816+00:00,2026-09-14T06:27:08.606816+00:00,,
73f8dfba,active,+relist,2,1003.01,1000.24,2.76,0.0001970423332602036,0.0719,0.0611,2026-09-11T23:15:08.606816+00:00,2026-09-12T06:27:08.606816+00:00,2026-09-14T06:27:08.606816+00:00,,
b74748ad,cancelled,+relist,2,1017.76,1014.86,2.90,0.0001970423332602036,0.0719,0.0611,2026-09-11T23:15:08.606816+00:00,,,2026-09-12T06:27:08.606816+00:00,0.00
1d9dac21,cancelled,+relist,2,1047.26,1044.17,3.08,0.0001970423332602036,0.0719,0.0611,2026-09-11T23:15:08.606816+00:00,,,2026-09-12T06:27:08.606816+00:00,0.00
01bc905d,cancelled,+relist,2,1076.76,1073.48,3.28,0.0001970423332602036,0.0719,0.0611,2026-09-11T23:15:08.606816+00:00,,,2026-09-12T06:27:08.606816+00:00,0.00
e41987de,active,+relist,2,1091.51,1088.08,3.42,0.0001970423332602036,0.0719,0.0611,2026-09-11T23:15:08.606816+00:00,2026-09-12T06:27:08.606816+00:00,2026-09-14T06:27:08.606816+00:00,,
89345d24,cancelled,+relist,2,1135.76,1132.08,3.67,0.0001970423332602036,0.0719,0.0611,2026-09-11T23:15:08.606816+00:00,,,2026-09-12T06:27:08.606816+00:00,0.00
d81a086a,active,+relist,2,1165.26,1161.38,3.88,0.0001970423332602036,0.0719,0.0611,2026-09-11T23:15:08.606816+00:00,2026-09-12T06:27:08.606816+00:00,2026-09-14T06:27:08.606816+00:00,,
e4c83093,active,+relist,2,1180.01,1175.96,4.04,0.0001970423332602036,0.0719,0.0611,2026-09-11T23:15:08.606816+00:00,2026-09-12T06:27:08.606816+00:00,2026-09-14T06:27:08.606816+00:00,,
5ce78ac5,active,+relist,2,1194.76,1190.55,4.21,0.0001970423332602036,0.0719,0.0611,2026-09-11T23:15:08.606816+00:00,2026-09-12T06:27:08.606816+00:00,2026-09-14T06:27:08.606816+00:00,,
5747ef71,cancelled,+relist,2,1209.51,1205.14,4.37,0.0001970423332602036,0.0719,0.0611,2026-09-11T23:15:08.606816+00:00,,,2026-09-12T06:27:08.606816+00:00,0.00
231131fe,active,+relist,2,1224.26,1219.72,4.54,0.0001970423332602036,0.0719,0.0611,2026-09-11T23:15:08.606816+00:00,2026-09-12T06:27:08.606816+00:00,2026-09-14T06:27:08.606816+00:00,,
19873af1,cancelled,+relist,2,1239.01,1234.30,4.70,0.0001970423332602036,0.0719,0.0611,2026-09-11T23:15:08.606816+00:00,,,2026-09-12T06:27:08.606816+00:00,0.00
912d72bf,cancelled,+relist,2,1268.51,1263.58,4.93,0.0001970423332602036,0.0719,0.0611,2026-09-11T23:15:08.606816+00:00,,,2026-09-12T06:27:08.606816+00:00,0.00
db077a8c,cancelled,+relist,2,1327.51,1322.23,5.28,0.0001970423332602036,0.0719,0.0611,2026-09-11T23:15:08.606816+00:00,,,2026-09-12T06:27:08.606816+00:00,0.00
1acc95d8,cancelled,+relist,2,1342.26,1336.80,5.46,0.0001970423332602036,0.0719,0.0611,2026-09-11T23:15:08.606816+00:00,,,2026-09-12T06:27:08.606816+00:00,0.00
3b4492a3,active,+relist,2,1357.01,1351.37,5.64,0.0001970423332602036,0.0719,0.0611,2026-09-11T23:15:08.606816+00:00,2026-09-12T06:27:08.606816+00:00,2026-09-14T06:27:08.606816+00:00,,
cdb89869,cancelled,+relist,2,1371.76,1365.94,5.82,0.0001970423332602036,0.0719,0.0611,2026-09-11T23:15:08.606816+00:00,,,2026-09-12T06:27:08.606816+00:00,0.00
d9cb090f,active,+relist,2,1386.51,1380.51,6.00,0.0001970423332602036,0.0719,0.0611,2026-09-11T23:15:08.606816+00:00,2026-09-12T06:27:08.606816+00:00,2026-09-14T06:27:08.606816+00:00,,
83fae9f6,cancelled,+relist,2,1445.51,1439.13,6.38,0.0001970423332602036,0.0719,0.0611,2026-09-11T23:15:08.606816+00:00,,,2026-09-12T06:27:08.606816+00:00,0.00
ca8e85aa,active,+relist,2,1460.26,1453.69,6.57,0.0001970423332602036,0.0719,0.0611,2026-09-11T23:15:08.606816+00:00,2026-09-12T06:27:08.606816+00:00,2026-09-14T06:27:08.606816+00:00,,
1a8a54ee,cancelled,+relist,2,1475.01,1468.25,6.76,0.0001970423332602036,0.0719,0.0611,2026-09-11T23:15:08.606816+00:00,,,2026-09-12T06:27:08.606816+00:00,0.00
fc26567f,active,+relist,2,1519.26,1512.17,7.09,0.0001970423332602036,0.0719,0.0611,2026-09-11T23:15:08.606816+00:00,2026-09-12T06:27:08.606816+00:00,2026-09-14T06:27:08.606816+00:00,,
aafd36b4,active,+relist,2,1534.01,1526.73,7.28,0.0001970423332602036,0.0719,0.0611,2026-09-11T23:15:08.606816+00:00,2026-09-12T06:27:08.606816+00:00,2026-09-14T06:27:08.606816+00:00,,
8994072d,active,,2,159.97,159.21,0.76,0.0001970423332602036,0.0719,0.0611,2026-09-11T23:15:08.606816+00:00,2026-09-12T06:27:08.606816+00:00,2026-09-14T06:27:08.606816+00:00,,
a2884708,cancelled,,2,199.96,199.01,0.95,0.00022443959353417618,0.0819,0.0696,2026-09-11T23:15:08.606816+00:00,,,2026-09-12T06:27:08.606816+00:00,0.00
c909f0e6,cancelled,,2,239.96,238.82,1.14,0.0002518368538081488,0.0919,0.0781,2026-09-11T23:15:08.606816+00:00,,,2026-09-12T06:27:08.606816+00:00,0.00
d6eb153f,active,,2,279.95,278.62,1.33,0.0002792341140821214,0.1019,0.0866,2026-09-11T23:15:08.606816+00:00,2026-09-12T06:27:08.606816+00:00,2026-09-14T06:27:08.606816+00:00,,
698f433f,active,,2,319.94,318.42,1.52,0.000306631374356094,0.1119,0.0951,2026-09-11T23:15:08.606816+00:00,2026-09-12T06:27:08.606816+00:00,2026-09-14T06:27:08.606816+00:00,,
c734c7f2,active,,2,359.93,358.23,1.71,0.0003340286346300666,0.1219,0.1036,2026-09-11T23:15:08.606816+00:00,2026-09-12T06:27:08.606816+00:00,2026-09-14T06:27:08.606816+00:00,,
44ea3262,active,,2,399.93,398.03,1.90,0.0003614258949040392,0.1319,0.1121,2026-09-11T23:15:08.606816+00:00,2026-09-12T06:27:08.606816+00:00,2026-09-14T06:27:08.606816+00:00,,
b3349777,cancelled,,2,439.92,437.83,2.09,0.0003888231551780118,0.1419,0.1206,2026-09-11T23:15:08.606816+00:00,,,2026-09-12T06:27:08.606816+00:00,0.00
67179e46,active,,2,479.91,477.63,2.28,0.0004162204154519844,0.1519,0.1291,2026-09-11T23:15:08.606816+00:00,2026-09-12T06:27:08.606816+00:00,2026-09-14T06:27:08.606816+00:00,,
5effd12c,active,,2,519.90,517.44,2.47,0.000443617675725957,0.1619,0.1376,2026-09-11T23:15:08.606816+00:00,2026-09-12T06:27:08.606816+00:00,2026-09-14T06:27:08.606816+00:00,,
19c7fe50,active,,2,559.90,557.24,2.66,0.0004710149359999296,0.1719,0.1461,2026-09-11T23:15:08.606816+00:00,2026-09-12T06:27:08.606816+00:00,2026-09-14T06:27:08.606816+00:00,,
4d5a11e7,cancelled,,2,599.89,597.04,2.85,0.0004984121962739022,0.1819,0.1546,2026-09-11T23:15:08.606816+00:00,,,2026-09-12T06:27:08.606816+00:00,0.00
3ba1bf71,cancelled,,2,639.88,636.85,3.04,0.0005258094565478748,0.1919,0.1631,2026-09-11T23:15:08.606816+00:00,,,2026-09-12T06:27:08.606816+00:00,0.00
5a2b08b8,cancelled,,2,679.87,676.65,3.23,0.0005532067168218474,0.2019,0.1716,2026-09-11T23:15:08.606816+00:00,,,2026-09-12T06:27:08.606816+00:00,0.00
f62f353a,active,,2,719.87,716.45,3.42,0.0005806039770958201,0.2119,0.1801,2026-09-11T23:15:08.606816+00:00,2026-09-12T06:27:08.606816+00:00,2026-09-14T06:27:08.606816+00:00,,
a776f5a9,cancelled,,2,759.86,756.25,3.61,0.0006080012373697926,0.2219,0.1886,2026-09-11T23:15:08.606816+00:00,,,2026-09-12T06:27:08.606816+00:00,0.00
b01f12ee,cancelled,,2,799.85,796.06,3.80,0.0006353984976437653,0.2319,0.1971,2026-09-11T23:15:08.606816+00:00,,,2026-09-12T06:27:08.606816+00:00,0.00
7c01abaf,active,,2,839.84,835.86,3.99,0.0006627957579177378,0.2419,0.2056,2026-09-11T23:15:08.606816+00:00,2026-09-12T06:27:08.606816+00:00,2026-09-14T06:27:08.606816+00:00,,
277efeaa,cancelled,,2,879.84,875.66,4.17,0.0006901930181917105,0.2519,0.2141,2026-09-11T23:15:08.606816+00:00,,,2026-09-12T06:27:08.606816+00:00,0.00
e0fae8e2,active,,2,919.83,915.47,4.36,0.000717590278465683,0.2619,0.2226,2026-09-11T23:15:08.606816+00:00,2026-09-12T06:27:08.606816+00:00,2026-09-14T06:27:08.606816+00:00,,
563c0670,active,,2,959.82,955.27,4.55,0.0007449875387396557,0.2719,0.2311,2026-09-11T23:15:08.606816+00:00,2026-09-12T06:27:08.606816+00:00,2026-09-14T06:27:08.606816+00:00,,
7b8b159e,active,,2,999.81,995.07,4.74,0.0007723847990136284,0.2819,0.2396,2026-09-11T23:15:08.606816+00:00,2026-09-12T06:27:08.606816+00:00,2026-09-14T06:27:08.606816+00:00,,
da769c17,active,,2,1039.81,1034.87,4.93,0.0007997820592876008,0.2919,0.2481,2026-09-11T23:15:08.606816+00:00,2026-09-12T06:27:08.606816+00:00,2026-09-14T06:27:08.606816+00:00,,
3bcfb9e0,active,,2,1079.80,1074.68,5.12,0.0008271793195615735,0.3019,0.2566,2026-09-11T23:15:08.606816+00:00,2026-09-12T06:27:08.606816+00:00,2026-09-14T06:27:08.606816+00:00,,
13480bbf,active,,2,1119.79,1114.48,5.31,0.000854576579835546,0.3119,0.2651,2026-09-11T23:15:08.606816+00:00,2026-09-12T06:27:08.606816+00:00,2026-09-14T06:27:08.606816+00:00,,
133e8f6f,active,,2,1159.79,1154.28,5.50,0.0008819738401095187,0.3219,0.2736,2026-09-11T23:15:08.606816+00:00,2026-09-12T06:27:08.606816+00:00,2026-09-14T06:27:08.606816+00:00,,
cd54f3c5,cancelled,,2,1199.78,1194.08,5.69,0.0009093711003834912,0.3319,0.2821,2026-09-11T23:15:08.606816+00:00,,,2026-09-12T06:27:08.606816+00:00,0.00
7f8c9e4d,active,,2,1239.77,1233.89,5.88,0.0009367683606574639,0.3419,0.2906,2026-09-11T23:15:08.606816+00:00,2026-09-12T06:27:08.606816+00:00,2026-09-14T06:27:08.606816+00:00,,
49fa50c1,cancelled,,2,1279.76,1273.69,6.07,0.0009641656209314366,0.3519,0.2991,2026-09-11T23:15:08.606816+00:00,,,2026-09-12T06:27:08.606816+00:00,0.00
7276b0c6,active,,2,1319.76,1313.49,6.26,0.000991562881205409,0.3619,0.3076,2026-09-11T23:15:08.606816+00:00,2026-09-12T06:27:08.606816+00:00,2026-09-14T06:27:08.606816+00:00,,
cef3da97,active,,2,1359.75,1353.30,6.45,0.0010189601414793818,0.3719,0.3161,2026-09-11T23:15:08.606816+00:00,2026-09-12T06:27:08.606816+00:00,2026-09-14T06:27:08.606816+00:00,,
b120e4a6,active,,2,1399.74,1393.10,6.64,0.0010463574017533543,0.3819,0.3246,2026-09-11T23:15:08.606816+00:00,2026-09-12T06:27:08.606816+00:00,2026-09-14T06:27:08.606816+00:00,,
b7bf67ca,active,,2,1439.73,1432.90,6.83,0.001073754662027327,0.3919,0.3331,2026-09-11T23:15:08.606816+00:00,2026-09-12T06:27:08.606816+00:00,2026-09-14T06:27:08.606816+00:00,,
8409ca4d,cancelled,,2,1479.73,1472.70,7.02,0.0011011519223012994,0.4019,0.3416,2026-09-11T23:15:08.606816+00:00,,,2026-09-12T06:27:08.606816+00:00,0.00
1896b529,cancelled,,30,87.58,87.16,0.42,0.000306631374356094,0.1119,0.0951,2026-09-11T23:15:08.606816+00:00,,,2026-09-12T06:27:08.606816+00:00,0.00
7f4640d0,cancelled,,30,109.47,108.95,0.52,0.0003340286346300666,0.1219,0.1036,2026-09-11T23:15:08.606816+00:00,,,2026-09-12T06:27:08.606816+00:00,0.00
9bb9d7a4,cancelled,,30,131.36,130.74,0.62,0.0003614258949040392,0.1319,0.1121,2026-09-11T23:15:08.606816+00:00,,,2026-09-12T06:27:08.606816+00:00,0.00
bcc005d9,cancelled,,30,153.26,152.53,0.73,0.0003888231551780118,0.1419,0.1206,2026-09-11T23:15:08.606816+00:00,,,2026-09-12T06:27:08.606816+00:00,0.00
a9ad5c29,cancelled,,30,175.15,174.32,0.83,0.0004162204154519844,0.1519,0.1291,2026-09-11T23:15:08.606816+00:00,,,2026-09-12T06:27:08.606816+00:00,0.00
4680bd00,cancelled,,30,197.04,196.11,0.93,0.000443617675725957,0.1619,0.1376,2026-09-11T23:15:08.606816+00:00,,,2026-09-12T06:27:08.606816+00:00,0.00
e9140306,cancelled,,30,218.94,217.90,1.04,0.00047101493599992965,0.1719,0.1461,2026-09-11T23:15:08.606816+00:00,,,2026-09-12T06:27:08.606816+00:00,0.00
67bf40a3,active,,30,240.83,239.69,1.14,0.0004984121962739022,0.1819,0.1546,2026-09-11T23:15:08.606816+00:00,2026-09-12T06:27:08.606816+00:00,2026-10-12T06:27:08.606816+00:00,,
6282acc7,cancelled,,30,262.73,261.48,1.25,0.0005258094565478748,0.1919,0.1631,2026-09-11T23:15:08.606816+00:00,,,2026-09-12T06:27:08.606816+00:00,0.00
ae77f4e6,cancelled,,30,284.62,283.27,1.35,0.0005532067168218474,0.2019,0.1716,2026-09-11T23:15:08.606816+00:00,,,2026-09-12T06:27:08.606816+00:00,0.00
2ac5ac2d,cancelled,,30,306.51,305.06,1.45,0.00058060397709582,0.2119,0.1801,2026-09-11T23:15:08.606816+00:00,,,2026-09-12T06:27:08.606816+00:00,0.00
300d4feb,cancelled,,30,328.41,326.85,1.56,0.0006080012373697926,0.2219,0.1886,2026-09-11T23:15:08.606816+00:00,,,2026-09-12T06:27:08.606816+00:00,0.00
85f6749c,cancelled,,30,350.30,348.64,1.66,0.0006353984976437653,0.2319,0.1971,2026-09-11T23:15:08.606816+00:00,,,2026-09-12T06:27:08.606816+00:00,0.00
da705369,active,,30,372.20,370.43,1.77,0.0006627957579177378,0.2419,0.2056,2026-09-11T23:15:08.606816+00:00,2026-09-12T06:27:08.606816+00:00,2026-10-12T06:27:08.606816+00:00,,
b06074ae,cancelled,,30,394.09,392.22,1.87,0.0006901930181917105,0.2519,0.2141,2026-09-11T23:15:08.606816+00:00,,,2026-09-12T06:27:08.606816+00:00,0.00
e73df3c1,active,,30,415.98,414.01,1.97,0.0007175902784656831,0.2619,0.2226,2026-09-11T23:15:08.606816+00:00,2026-09-12T06:27:08.606816+00:00,2026-10-12T06:27:08.606816+00:00,,
9af14a0c,cancelled,,30,437.88,435.80,2.08,0.0007449875387396557,0.2719,0.2311,2026-09-11T23:15:08.606816+00:00,,,2026-09-12T06:27:08.606816+00:00,0.00
7e5de321,cancelled,,30,459.77,457.59,2.18,0.0007723847990136282,0.2819,0.2396,2026-09-11T23:15:08.606816+00:00,,,2026-09-12T06:27:08.606816+00:00,0.00
f6f2e073,active,,30,481.67,479.38,2.29,0.0007997820592876008,0.2919,0.2481,2026-09-11T23:15:08.606816+00:00,2026-09-12T06:27:08.606816+00:00,2026-10-12T06:27:08.606816+00:00,,
a13a23f0,cancelled,,30,503.56,501.17,2.39,0.0008271793195615734,0.3019,0.2566,2026-09-11T23:15:08.606816+00:00,,,2026-09-12T06:27:08.606816+00:00,0.00
08cf113b,cancelled,,30,525.45,522.96,2.49,0.000854576579835546,0.3119,0.2651,2026-09-11T23:15:08.606816+00:00,,,2026-09-12T06:27:08.606816+00:00,0.00
459543cc,cancelled,,30,547.35,544.75,2.60,0.0008819738401095187,0.3219,0.2736,2026-09-11T23:15:08.606816+00:00,,,2026-09-12T06:27:08.606816+00:00,0.00
44178d1c,cancelled,,30,569.24,566.54,2.70,0.0009093711003834913,0.3319,0.2821,2026-09-11T23:15:08.606816+00:00,,,2026-09-12T06:27:08.606816+00:00,0.00
4b178e81,cancelled,,30,591.13,588.33,2.80,0.0009367683606574639,0.3419,0.2906,2026-09-11T23:15:08.606816+00:00,,,2026-09-12T06:27:08.606816+00:00,0.00
b79629e4,cancelled,,30,613.03,610.12,2.91,0.0009641656209314365,0.3519,0.2991,2026-09-11T23:15:08.606816+00:00,,,2026-09-12T06:27:08.606816+00:00,0.00
32045050,cancelled,,30,634.92,631.91,3.01,0.000991562881205409,0.3619,0.3076,2026-09-11T23:15:08.606816+00:00,,,2026-09-12T06:27:08.606816+00:00,0.00
f82ea6aa,cancelled,,30,656.82,653.70,3.12,0.0010189601414793818,0.3719,0.3161,2026-09-11T23:15:08.606816+00:00,,,2026-09-12T06:27:08.606816+00:00,0.00
e82b6c01,cancelled,,30,678.71,675.49,3.22,0.0010463574017533543,0.3819,0.3246,2026-09-11T23:15:08.606816+00:00,,,2026-09-12T06:27:08.606816+00:00,0.00
0a9a1333,cancelled,,30,700.60,697.28,3.32,0.001073754662027327,0.3919,0.3331,2026-09-11T23:15:08.606816+00:00,,,2026-09-12T06:27:08.606816+00:00,0.00
6728947d,cancelled,,30,722.50,719.07,3.43,0.0011011519223012994,0.4019,0.3416,2026-09-11T23:15:08.606816+00:00,,,2026-09-12T06:27:08.606816+00:00,0.00
b009c489,active,,30,744.39,740.86,3.53,0.0011285491825752721,0.4119,0.3501,2026-09-11T23:15:08.606816+00:00,2026-09-12T06:27:08.606816+00:00,2026-10-12T06:27:08.606816+00:00,,
8b52358e,active,,30,766.29,762.65,3.64,0.0011559464428492448,0.4219,0.3586,2026-09-11T23:15:08.606816+00:00,2026-09-12T06:27:08.606816+00:00,2026-10-12T06:27:08.606816+00:00,,
c65f5de2,cancelled,,30,788.18,784.44,3.74,0.0011833437031232173,0.4319,0.3671,2026-09-11T23:15:08.606816+00:00,,,2026-09-12T06:27:08.606816+00:00,0.00
029090a5,cancelled,,30,810.07,806.23,3.84,0.0012107409633971898,0.4419,0.3756,2026-09-11T23:15:08.606816+00:00,,,2026-09-12T06:27:08.606816+00:00,0.00
2d9d067a,cancelled,,30,831.97,828.02,3.95,0.0012381382236711625,0.4519,0.3841,2026-09-11T23:15:08.606816+00:00,,,2026-09-12T06:27:08.606816+00:00,0.00
29de765f,cancelled,,30,853.86,849.81,4.05,0.0012655354839451352,0.4619,0.3926,2026-09-11T23:15:08.606816+00:00,,,2026-09-12T06:27:08.606816+00:00,0.00
ff18df7f,cancelled,,30,875.76,871.60,4.16,0.0012929327442191077,0.4719,0.4011,2026-09-11T23:15:08.606816+00:00,,,2026-09-12T06:27:08.606816+00:00,0.00
182236b6,cancelled,+relist+relist,2,73.75,73.72,0.03,0.00021043017924666198,0.0768,0.0653,2026-09-12T06:27:08.606816+00:00,,,2026-09-12T13:39:08.606816+00:00,0.00
44fc07a5,active,+relist+relist,2,118.00,117.95,0.05,0.00021043017924666198,0.0768,0.0653,2026-09-12T06:27:08.606816+00:00,2026-09-12T13:39:08.606816+00:00,2026-09-14T13:39:08.606816+00:00,,
5805b76d,cancelled,+relist+relist,2,236.00,235.90,0.10,0.00021043017924666198,0.0768,0.0653,2026-09-12T06:27:08.606816+00:00,,,2026-09-12T13:39:08.606816+00:00,0.00
f64f27b9,cancelled,+relist+relist,2,295.00,294.87,0.13,0.00021043017924666198,0.0768,0.0653,2026-09-12T06:27:08.606816+00:00,,,2026-09-12T13:39:08.606816+00:00,0.00
161388f0,cancelled,+relist+relist,2,545.75,545.51,0.25,0.00021043017924666198,0.0768,0.0653,2026-09-12T06:27:08.606816+00:00,,,2026-09-12T13:39:08.606816+00:00,0.00
dd415aa4,active,+relist+relist,2,619.50,619.20,0.30,0.00021043017924666198,0.0768,0.0653,2026-09-12T06:27:08.606816+00:00,2026-09-12T13:39:08.606816+00:00,2026-09-14T13:39:08.606816+00:00,,
e0fc2f27,active,+relist+relist,2,649.00,648.66,0.34,0.00021043017924666198,0.0768,0.0653,2026-09-12T06:27:08.606816+00:00,2026-09-12T13:39:08.606816+00:00,2026-09-14T13:39:08.606816+00:00,,
a4f15de1,active,+relist+relist,2,663.75,663.38,0.38,0.00021043017924666198,0.0768,0.0653,2026-09-12T06:27:08.606816+00:00,2026-09-12T13:39:08.606816+00:00,2026-09-14T13:39:08.606816+00:00,,
35f7503c,cancelled,+relist+relist,2,693.25,692.83,0.42,0.00021043017924666198,0.0768,0.0653,2026-09-12T06:27:08.606816+00:00,,,2026-09-12T13:39:08.606816+00:00,0.00
fdeee589,cancelled,+relist+relist,2,722.75,722.28,0.48,0.00021043017924666198,0.0768,0.0653,2026-09-12T06:27:08.606816+00:00,,,2026-09-12T13:39:08.606816+00:00,0.00
c9cba389,cancelled,+relist+relist,2,752.25,751.72,0.54,0.00021043017924666198,0.0768,0.0653,2026-09-12T06:27:08.606816+00:00,,,2026-09-12T13:39:08.606816+00:00,0.00
a72419a0,active,+relist+relist,2,767.00,766.41,0.60,0.00021043017924666198,0.0768,0.0653,2026-09-12T06:27:08.606816+00:00,2026-09-12T13:39:08.606816+00:00,2026-09-14T13:39:08.606816+00:00,,
197f345a,cancelled,+relist+relist,2,811.26,810.57,0.69,0.00021043017924666198,0.0768,0.0653,2026-09-12T06:27:08.606816+00:00,,,2026-09-12T13:39:08.606816+00:00,0.00
631db83b,active,+relist+relist,2,870.26,869.44,0.81,0.00021043017924666198,0.0768,0.0653,2026-09-12T06:27:08.606816+00:00,2026-09-12T13:39:08.606816+00:00,2026-09-14T13:39:08.606816+00:00,,
c5561739,cancelled,+relist+relist,2,1017.76,1016.69,1.07,0.00021043017924666198,0.0768,0.0653,2026-09-12T06:27:08.606816+00:00,,,2026-09-12T13:39:08.606816+00:00,0.00
7f523c2c,cancelled,+relist+relist,2,1047.26,1046.04,1.22,0.00021043017924666198,0.0768,0.0653,2026-09-12T06:27:08.606816+00:00,,,2026-09-12T13:39:08.606816+00:00,0.00
ceb9bf36,active,+relist+relist,2,1076.76,1075.38,1.38,0.00021043017924666198,0.0768,0.0653,2026-09-12T06:27:08.606816+00:00,2026-09-12T13:39:08.606816+00:00,2026-09-14T13:39:08.606816+00:00,,
f18b18b1,cancelled,+relist+relist,2,1135.76,1134.15,1.60,0.00021043017924666198,0.0768,0.0653,2026-09-12T06:27:08.606816+00:00,,,2026-09-12T13:39:08.606816+00:00,0.00
f2a44ec2,cancelled,+relist+relist,2,1209.51,1207.61,1.89,0.00021043017924666198,0.0768,0.0653,2026-09-12T06:27:08.606816+00:00,,,2026-09-12T13:39:08.606816+00:00,0.00
7fb946bd,cancelled,+relist+relist,2,1239.01,1236.87,2.14,0.00021043017924666198,0.0768,0.0653,2026-09-12T06:27:08.606816+00:00,,,2026-09-12T13:39:08.606816+00:00,0.00
736392b6,cancelled,+relist+relist,2,1268.51,1266.12,2.39,0.00021043017924666198,0.0768,0.0653,2026-09-12T06:27:08.606816+00:00,,,2026-09-12T13:39:08.606816+00:00,0.00
127969bc,cancelled,+relist+relist,2,1327.51,1324.79,2.71,0.00021043017924666198,0.0768,0.0653,2026-09-12T06:27:08.606816+00:00,,,2026-09-12T13:39:08.606816+00:00,0.00
01baee8f,cancelled,+relist+relist,2,1342.26,1339.30,2.95,0.00021043017924666198,0.0768,0.0653,2026-09-12T06:27:08.606816+00:00,,,2026-09-12T13:39:08.606816+00:00,0.00
f995f185,active,+relist+relist,2,1371.76,1368.52,3.24,0.00021043017924666198,0.0768,0.0653,2026-09-12T06:27:08.606816+00:00,2026-09-12T13:39:08.606816+00:00,2026-09-14T13:39:08.606816+00:00,,
4e19805d,active,+relist+relist,2,1445.51,1441.85,3.66,0.00021043017924666198,0.0768,0.0653,2026-09-12T06:27:08.606816+00:00,2026-09-12T13:39:08.606816+00:00,2026-09-14T13:39:08.606816+00:00,,
28432206,active,+relist+relist,2,1475.01,1471.02,3.99,0.00021043017924666198,0.0768,0.0653,2026-09-12T06:27:08.606816+00:00,2026-09-12T13:39:08.606816+00:00,2026-09-14T13:39:08.606816+00:00,,
bcacb340,active,+relist,2,199.96,199.42,0.55,0.00021043017924666198,0.0768,0.0653,2026-09-12T06:27:08.606816+00:00,2026-09-12T13:39:08.606816+00:00,2026-09-14T13:39:08.606816+00:00,,
66ac452f,active,+relist,2,239.96,239.29,0.66,0.00021043017924666198,0.0768,0.0653,2026-09-12T06:27:08.606816+00:00,2026-09-12T13:39:08.606816+00:00,2026-09-14T13:39:08.606816+00:00,,
90bfbb34,active,+relist,2,439.92,438.68,1.24,0.00021043017924666198,0.0768,0.0653,2026-09-12T06:27:08.606816+00:00,2026-09-12T13:39:08.606816+00:00,2026-09-14T13:39:08.606816+00:00,,
06ad0d82,active,+relist,2,599.89,598.16,1.73,0.00021043017924666198,0.0768,0.0653,2026-09-12T06:27:08.606816+00:00,2026-09-12T13:39:08.606816+00:00,2026-09-14T13:39:08.606816+00:00,,
cb1a1fd4,active,+relist,2,639.88,637.99,1.89,0.00021043017924666198,0.0768,0.0653,2026-09-12T06:27:08.606816+00:00,2026-09-12T13:39:08.606816+00:00,2026-09-14T13:39:08.606816+00:00,,
c891be12,active,+relist,2,679.87,677.82,2.06,0.00021043017924666198,0.0768,0.0653,2026-09-12T06:27:08.606816+00:00,2026-09-12T13:39:08.606816+00:00,2026-09-14T13:39:08.606816+00:00,,
2573c4ab,active,+relist,2,759.86,757.50,2.36,0.00021043017924666198,0.0768,0.0653,2026-09-12T06:27:08.606816+00:00,2026-09-12T13:39:08.606816+00:00,2026-09-14T13:39:08.606816+00:00,,
58ef9cde,cancelled,+relist,2,799.85,797.31,2.55,0.00021043017924666198,0.0768,0.0653,2026-09-12T06:27:08.606816+00:00,,,2026-09-12T13:39:08.606816+00:00,0.00
16235a76,active,+relist,2,879.84,876.97,2.87,0.00021043017924666198,0.0768,0.0653,2026-09-12T06:27:08.606816+00:00,2026-09-12T13:39:08.606816+00:00,2026-09-14T13:39:08.606816+00:00,,
71a5c931,cancelled,+relist,2,1199.78,1195.74,4.04,0.00021043017924666198,0.0768,0.0653,2026-09-12T06:27:08.606816+00:00,,,2026-09-12T13:39:08.606816+00:00,0.00
1c61b5fd,cancelled,+relist,2,1279.76,1275.32,4.44,0.00021043017924666198,0.0768,0.0653,2026-09-12T06:27:08.606816+00:00,,,2026-09-12T13:39:08.606816+00:00,0.00
b0412cdd,cancelled,+relist,2,1479.73,1474.43,5.29,0.00021043017924666198,0.0768,0.0653,2026-09-12T06:27:08.606816+00:00,,,2026-09-12T13:39:08.606816+00:00,0.00
8e515507,cancelled,+relist,30,87.58,87.26,0.31,0.0002652246997946072,0.0968,0.0823,2026-09-12T06:27:08.606816+00:00,,,2026-09-12T20:51:08.606816+00:00,0.00
012bb53d,cancelled,+relist,30,109.47,109.08,0.39,0.0002652246997946072,0.0968,0.0823,2026-09-12T06:27:08.606816+00:00,,,2026-09-12T20:51:08.606816+00:00,0.00
cfec08ec,active,+relist,30,131.36,130.89,0.47,0.0002652246997946072,0.0968,0.0823,2026-09-12T06:27:08.606816+00:00,2026-09-12T20:51:08.606816+00:00,2026-10-12T20:51:08.606816+00:00,,
a0c0be52,cancelled,+relist,30,153.26,152.70,0.55,0.0002652246997946072,0.0968,0.0823,2026-09-12T06:27:08.606816+00:00,,,2026-09-12T20:51:08.606816+00:00,0.00
c1448bf6,cancelled,+relist,30,175.15,174.52,0.63,0.0002652246997946072,0.0968,0.0823,2026-09-12T06:27:08.606816+00:00,,,2026-09-12T20:51:08.606816+00:00,0.00
81bfc3b8,cancelled,+relist,30,197.04,196.33,0.72,0.0002652246997946072,0.0968,0.0823,2026-09-12T06:27:08.606816+00:00,,,2026-09-12T20:51:08.606816+00:00,0.00
f6496dce,cancelled,+relist,30,218.94,218.14,0.80,0.0002652246997946072,0.0968,0.0823,2026-09-12T06:27:08.606816+00:00,,,2026-09-12T20:51:08.606816+00:00,0.00
4dcbc33f,cancelled,+relist,30,262.73,261.76,0.96,0.0002652246997946072,0.0968,0.0823,2026-09-12T06:27:08.606816+00:00,,,2026-09-12T20:51:08.606816+00:00,0.00
c43e1682,cancelled,+relist,30,284.62,283.57,1.05,0.0002652246997946072,0.0968,0.0823,2026-09-12T06:27:08.606816+00:00,,,2026-09-12T20:51:08.606816+00:00,0.00
349f5a2e,active,+relist,30,306.51,305.38,1.14,0.0002652246997946072,0.0968,0.0823,2026-09-12T06:27:08.606816+00:00,2026-09-12T20:51:08.606816+00:00,2026-10-12T20:51:08.606816+00:00,,
9444a873,cancelled,+relist,30,328.41,327.18,1.22,0.0002652246997946072,0.0968,0.0823,2026-09-12T06:27:08.606816+00:00,,,2026-09-12T20:51:08.606816+00:00,0.00
8f937774,active,+relist,30,350.30,348.99,1.31,0.0002652246997946072,0.0968,0.0823,2026-09-12T06:27:08.606816+00:00,2026-09-12T13:39:08.606816+00:00,2026-10-12T13:39:08.606816+00:00,,
59f3ff75,active,+relist,30,394.09,392.60,1.49,0.0002652246997946072,0.0968,0.0823,2026-09-12T06:27:08.606816+00:00,2026-09-12T13:39:08.606816+00:00,2026-10-12T13:39:08.606816+00:00,,
8a02488f,cancelled,+relist,30,437.88,436.21,1.66,0.0002652246997946072,0.0968,0.0823,2026-09-12T06:27:08.606816+00:00,,,2026-09-12T20:51:08.606816+00:00,0.00
8c0129bc,cancelled,+relist,30,459.77,458.01,1.76,0.0002652246997946072,0.0968,0.0823,2026-09-12T06:27:08.606816+00:00,,,2026-09-12T20:51:08.606816+00:00,0.00
a2e41727,cancelled,+relist,30,503.56,501.62,1.94,0.0002652246997946072,0.0968,0.0823,2026-09-12T06:27:08.606816+00:00,,,2026-09-12T20:51:08.606816+00:00,0.00
3c85a62e,cancelled,+relist,30,525.45,523.41,2.04,0.0002652246997946072,0.0968,0.0823,2026-09-12T06:27:08.606816+00:00,,,2026-09-12T20:51:08.606816+00:00,0.00
47278731,active,+relist,30,547.35,545.21,2.14,0.0002652246997946072,0.0968,0.0823,2026-09-12T06:27:08.606816+00:00,2026-09-12T20:51:08.606816+00:00,2026-10-12T20:51:08.606816+00:00,,
b5aa2d06,active,+relist,30,569.24,567.00,2.24,0.0002652246997946072,0.0968,0.0823,2026-09-12T06:27:08.606816+00:00,2026-09-12T20:51:08.606816+00:00,2026-10-12T20:51:08.606816+00:00,,
cbba8c44,cancelled,+relist,30,591.13,588.79,2.35,0.0002652246997946072,0.0968,0.0823,2026-09-12T06:27:08.606816+00:00,,,2026-09-12T20:51:08.606816+00:00,0.00
b13972b8,cancelled,+relist,30,613.03,610.58,2.45,0.0002652246997946072,0.0968,0.0823,2026-09-12T06:27:08.606816+00:00,,,2026-09-12T20:51:08.606816+00:00,0.00
bf45c4cd,cancelled,+relist,30,634.92,632.37,2.56,0.0002652246997946072,0.0968,0.0823,2026-09-12T06:27:08.606816+00:00,,,2026-09-12T20:51:08.606816+00:00,0.00
ff8f29a7,cancelled,+relist,30,656.82,654.15,2.66,0.0002652246997946072,0.0968,0.0823,2026-09-12T06:27:08.606816+00:00,,,2026-09-12T20:51:08.606816+00:00,0.00
62935a9c,active,+relist,30,678.71,675.94,2.77,0.0002652246997946072,0.0968,0.0823,2026-09-12T06:27:08.606816+00:00,2026-09-12T20:51:08.606816+00:00,2026-10-12T20:51:08.606816+00:00,,
f5c576a0,cancelled,+relist,30,700.60,697.73,2.88,0.0002652246997946072,0.0968,0.0823,2026-09-12T06:27:08.606816+00:00,,,2026-09-12T20:51:08.606816+00:00,0.00
f6adda09,cancelled,+relist,30,722.50,719.51,2.99,0.0002652246997946072,0.0968,0.0823,2026-09-12T06:27:08.606816+00:00,,,2026-09-12T20:51:08.606816+00:00,0.00
987f24e1,cancelled,+relist,30,788.18,784.90,3.28,0.0002652246997946072,0.0968,0.0823,2026-09-12T06:27:08.606816+00:00,,,2026-09-12T20:51:08.606816+00:00,0.00
9104a96a,cancelled,+relist,30,810.07,806.68,3.40,0.0002652246997946072,0.0968,0.0823,2026-09-12T06:27:08.606816+00:00,,,2026-09-12T20:51:08.606816+00:00,0.00
fb47f632,active,+relist,30,831.97,828.46,3.51,0.0002652246997946072,0.0968,0.0823,2026-09-12T06:27:08.606816+00:00,2026-09-12T20:51:08.606816+00:00,2026-10-12T20:51:08.606816+00:00,,
a332927f,cancelled,+relist,30,853.86,850.23,3.63,0.0002652246997946072,0.0968,0.0823,2026-09-12T06:27:08.606816+00:00,,,2026-09-12T20:51:08.606816+00:00,0.00
40188716,active,+relist,30,875.76,872.01,3.74,0.0002652246997946072,0.0968,0.0823,2026-09-12T06:27:08.606816+00:00,2026-09-12T13:39:08.606816+00:00,2026-10-12T13:39:08.606816+00:00,,
8477aaa3,active,,2,237.57,236.56,1.02,0.00021043017924666198,0.0768,0.0653,2026-09-12T06:27:08.606816+00:00,2026-09-12T13:39:08.606816+00:00,2026-09-14T13:39:08.606816+00:00,,
870be4ca,cancelled,,2,296.97,295.70,1.27,0.0002378274395206346,0.0868,0.0738,2026-09-12T06:27:08.606816+00:00,,,2026-09-12T13:39:08.606816+00:00,0.00
22988058,active,,2,356.36,354.84,1.52,0.0002652246997946072,0.0968,0.0823,2026-09-12T06:27:08.606816+00:00,2026-09-12T13:39:08.606816+00:00,2026-09-14T13:39:08.606816+00:00,,
2559646c,cancelled,,2,415.75,413.97,1.78,0.0002926219600685798,0.1068,0.0908,2026-09-12T06:27:08.606816+00:00,,,2026-09-12T13:39:08.606816+00:00,0.00
f024e2bb,cancelled,,2,475.14,473.11,2.03,0.0003200192203425524,0.1168,0.0993,2026-09-12T06:27:08.606816+00:00,,,2026-09-12T13:39:08.606816+00:00,0.00
aa3bdae0,cancelled,,2,534.54,532.25,2.28,0.000347416480616525,0.1268,0.1078,2026-09-12T06:27:08.606816+00:00,,,2026-09-12T13:39:08.606816+00:00,0.00
9e21492a,cancelled,,2,593.93,591.39,2.54,0.0003748137408904976,0.1368,0.1163,2026-09-12T06:27:08.606816+00:00,,,2026-09-12T13:39:08.606816+00:00,0.00
da0f94aa,active,,2,653.32,650.53,2.79,0.0004022110011644702,0.1468,0.1248,2026-09-12T06:27:08.606816+00:00,2026-09-12T13:39:08.606816+00:00,2026-09-14T13:39:08.606816+00:00,,
a27b1bc6,cancelled,,2,712.72,709.67,3.05,0.0004296082614384428,0.1568,0.1333,2026-09-12T06:27:08.606816+00:00,,,2026-09-12T13:39:08.606816+00:00,0.00
418612e7,active,,2,772.11,768.81,3.30,0.00045700552171241537,0.1668,0.1418,2026-09-12T06:27:08.606816+00:00,2026-09-12T13:39:08.606816+00:00,2026-09-14T13:39:08.606816+00:00,,
90458090,active,,2,831.50,827.95,3.55,0.00048440278198638796,0.1768,0.1503,2026-09-12T06:27:08.606816+00:00,2026-09-12T13:39:08.606816+00:00,2026-09-14T13:39:08.606816+00:00,,
c8c97f09,cancelled,,2,890.90,887.09,3.81,0.0005118000422603607,0.1868,0.1588,2026-09-12T06:27:08.606816+00:00,,,2026-09-12T13:39:08.606816+00:00,0.00
45f7b3a3,cancelled,,2,950.29,946.23,4.06,0.0005391973025343332,0.1968,0.1673,2026-09-12T06:27:08.606816+00:00,,,2026-09-12T13:39:08.606816+00:00,0.00
105fdeec,active,,2,1009.68,1005.37,4.31,0.0005665945628083058,0.2068,0.1758,2026-09-12T06:27:08.606816+00:00,2026-09-12T13:39:08.606816+00:00,2026-09-14T13:39:08.606816+00:00,,
c781df15,cancelled,,2,1069.07,1064.51,4.57,0.0005939918230822784,0.2168,0.1843,2026-09-12T06:27:08.606816+00:00,,,2026-09-12T13:39:08.606816+00:00,0.00
4604ba78,cancelled,,2,1128.47,1123.65,4.82,0.000621389083356251,0.2268,0.1928,2026-09-12T06:27:08.606816+00:00,,,2026-09-12T13:39:08.606816+00:00,0.00
d8f6526f,active,,2,1187.86,1182.78,5.08,0.0006487863436302236,0.2368,0.2013,2026-09-12T06:27:08.606816+00:00,2026-09-12T13:39:08.606816+00:00,2026-09-14T13:39:08.606816+00:00,,
ab613c2d,active,,2,1247.25,1241.92,5.33,0.0006761836039041962,0.2468,0.2098,2026-09-12T06:27:08.606816+00:00,2026-09-12T13:39:08.606816+00:00,2026-09-14T13:39:08.606816+00:00,,
23d1d44c,cancelled,,2,1306.65,1301.06,5.58,0.0007035808641781688,0.2568,0.2183,2026-09-12T06:27:08.606816+00:00,,,2026-09-12T13:39:08.606816+00:00,0.00
da7efa96,cancelled,,2,1366.04,1360.20,5.84,0.0007309781244521414,0.2668,0.2268,2026-09-12T06:27:08.606816+00:00,,,2026-09-12T13:39:08.606816+00:00,0.00
9af4c58b,cancelled,+relist+relist+relist,2,73.75,73.72,0.03,0.00021080056842069512,0.0769,0.0654,2026-09-12T13:39:08.606816+00:00,,,2026-09-12T20:51:08.606816+00:00,0.00
cb4d1110,cancelled,+relist+relist+relist,2,236.00,235.90,0.10,0.00021080056842069512,0.0769,0.0654,2026-09-12T13:39:08.606816+00:00,,,2026-09-12T20:51:08.606816+00:00,0.00
846acdfb,active,+relist+relist+relist,2,295.00,294.87,0.13,0.00021080056842069512,0.0769,0.0654,2026-09-12T13:39:08.606816+00:00,2026-09-12T20:51:08.606816+00:00,2026-09-14T20:51:08.606816+00:00,,
85106779,cancelled,+relist+relist+relist,2,545.75,545.51,0.24,0.00021080056842069512,0.0769,0.0654,2026-09-12T13:39:08.606816+00:00,,,2026-09-12T20:51:08.606816+00:00,0.00
7be5e129,active,+relist+relist+relist,2,693.25,692.94,0.31,0.00021080056842069512,0.0769,0.0654,2026-09-12T13:39:08.606816+00:00,2026-09-12T20:51:08.606816+00:00,2026-09-14T20:51:08.606816+00:00,,
97d87cc7,active,+relist+relist+relist,2,722.75,722.42,0.33,0.00021080056842069512,0.0769,0.0654,2026-09-12T13:39:08.606816+00:00,2026-09-12T20:51:08.606816+00:00,2026-09-14T20:51:08.606816+00:00,,
da2846d4,active,+relist+relist+relist,2,752.25,751.89,0.36,0.00021080056842069512,0.0769,0.0654,2026-09-12T13:39:08.606816+00:00,2026-09-12T20:51:08.606816+00:00,2026-09-14T20:51:08.606816+00:00,,
213a6ea7,active,+relist+relist+relist,2,811.26,810.84,0.41,0.00021080056842069512,0.0769,0.0654,2026-09-12T13:39:08.606816+00:00,2026-09-12T20:51:08.606816+00:00,2026-09-14T20:51:08.606816+00:00,,
317cb08f,cancelled,+relist+relist+relist,2,1017.76,1017.19,0.57,0.00021080056842069512,0.0769,0.0654,2026-09-12T13:39:08.606816+00:00,,,2026-09-12T20:51:08.606816+00:00,0.00
09b0f771,active,+relist+relist+relist,2,1047.26,1046.61,0.64,0.00021080056842069512,0.0769,0.0654,2026-09-12T13:39:08.606816+00:00,2026-09-12T20:51:08.606816+00:00,2026-09-14T20:51:08.606816+00:00,,
169d5a15,cancelled,+relist+relist+relist,2,1135.76,1134.97,0.79,0.00021080056842069512,0.0769,0.0654,2026-09-12T13:39:08.606816+00:00,,,2026-09-12T20:51:08.606816+00:00,0.00
e0ccd5eb,active,+relist+relist+relist,2,1209.51,1208.55,0.96,0.00021080056842069512,0.0769,0.0654,2026-09-12T13:39:08.606816+00:00,2026-09-12T20:51:08.606816+00:00,2026-09-14T20:51:08.606816+00:00,,
b7d344a4,active,+relist+relist+relist,2,1239.01,1237.90,1.11,0.00021080056842069512,0.0769,0.0654,2026-09-12T13:39:08.606816+00:00,2026-09-12T20:51:08.606816+00:00,2026-09-14T20:51:08.606816+00:00,,
327c8b45,active,+relist+relist+relist,2,1268.51,1267.23,1.27,0.00021080056842069512,0.0769,0.0654,2026-09-12T13:39:08.606816+00:00,2026-09-12T20:51:08.606816+00:00,2026-09-14T20:51:08.606816+00:00,,
9696d6c8,active,+relist+relist+relist,2,1327.51,1326.01,1.49,0.00021080056842069512,0.0769,0.0654,2026-09-12T13:39:08.606816+00:00,2026-09-12T20:51:08.606816+00:00,2026-09-14T20:51:08.606816+00:00,,
3105f1c9,active,+relist+relist+relist,2,1342.26,1340.58,1.68,0.00021080056842069512,0.0769,0.0654,2026-09-12T13:39:08.606816+00:00,2026-09-12T20:51:08.606816+00:00,2026-09-14T20:51:08.606816+00:00,,
1102398f,active,+relist+relist,2,799.85,798.74,1.12,0.00021080056842069512,0.0769,0.0654,2026-09-12T13:39:08.606816+00:00,2026-09-12T20:51:08.606816+00:00,2026-09-14T20:51:08.606816+00:00,,
627f9761,cancelled,+relist+relist,2,1199.78,1197.85,1.93,0.00021080056842069512,0.0769,0.0654,2026-09-12T13:39:08.606816+00:00,,,2026-09-12T20:51:08.606816+00:00,0.00
4a92827c,active,+relist+relist,2,1279.76,1277.44,2.33,0.00021080056842069512,0.0769,0.0654,2026-09-12T13:39:08.606816+00:00,2026-09-12T20:51:08.606816+00:00,2026-09-14T20:51:08.606816+00:00,,
dc4a039e,active,+relist+relist,2,1479.73,1476.70,3.02,0.00021080056842069512,0.0769,0.0654,2026-09-12T13:39:08.606816+00:00,2026-09-12T20:51:08.606816+00:00,2026-09-14T20:51:08.606816+00:00,,
488e53a4,cancelled,+relist,2,296.97,296.34,0.63,0.00021080056842069512,0.0769,0.0654,2026-09-12T13:39:08.606816+00:00,,,2026-09-12T20:51:08.606816+00:00,0.00
452bfcc3,cancelled,+relist,2,415.75,414.84,0.91,0.00021080056842069512,0.0769,0.0654,2026-09-12T13:39:08.606816+00:00,,,2026-09-12T20:51:08.606816+00:00,0.00
6d633756,active,+relist,2,475.14,474.06,1.09,0.00021080056842069512,0.0769,0.0654,2026-09-12T13:39:08.606816+00:00,2026-09-12T20:51:08.606816+00:00,2026-09-14T20:51:08.606816+00:00,,
0fa93eb2,active,+relist,2,534.54,533.26,1.28,0.00021080056842069512,0.0769,0.0654,2026-09-12T13:39:08.606816+00:00,2026-09-12T20:51:08.606816+00:00,2026-09-14T20:51:08.606816+00:00,,
27ad92f6,active,+relist,2,593.93,592.45,1.48,0.00021080056842069512,0.0769,0.0654,2026-09-12T13:39:08.606816+00:00,2026-09-12T20:51:08.606816+00:00,2026-09-14T20:51:08.606816+00:00,,
f92491d1,active,+relist,2,712.72,710.85,1.86,0.00021080056842069512,0.0769,0.0654,2026-09-12T13:39:08.606816+00:00,2026-09-12T20:51:08.606816+00:00,2026-09-14T20:51:08.606816+00:00,,
24f6fb73,active,+relist,2,890.90,888.45,2.45,0.00021080056842069512,0.0769,0.0654,2026-09-12T13:39:08.606816+00:00,2026-09-12T20:51:08.606816+00:00,2026-09-14T20:51:08.606816+00:00,,
41fd8d65,cancelled,+relist,2,950.29,947.55,2.74,0.00021080056842069512,0.0769,0.0654,2026-09-12T13:39:08.606816+00:00,,,2026-09-12T20:51:08.606816+00:00,0.00
26eb07a0,active,+relist,2,1069.07,1065.85,3.22,0.00021080056842069512,0.0769,0.0654,2026-09-12T13:39:08.606816+00:00,2026-09-12T20:51:08.606816+00:00,2026-09-14T20:51:08.606816+00:00,,
b4b0ce10,active,+relist,2,1128.47,1124.92,3.54,0.00021080056842069512,0.0769,0.0654,2026-09-12T13:39:08.606816+00:00,2026-09-12T20:51:08.606816+00:00,2026-09-14T20:51:08.606816+00:00,,
f242da12,cancelled,+relist,2,1306.65,1302.37,4.28,0.00021080056842069512,0.0769,0.0654,2026-09-12T13:39:08.606816+00:00,,,2026-09-12T20:51:08.606816+00:00,0.00
953a87d3,active,+relist,2,1366.04,1361.41,4.63,0.00021080056842069512,0.0769,0.0654,2026-09-12T13:39:08.606816+00:00,2026-09-12T20:51:08.606816+00:00,2026-09-14T20:51:08.606816+00:00,,
db8da6d1,cancelled,,2,308.36,307.31,1.05,0.00021080056842069512,0.0769,0.0654,2026-09-12T13:39:08.606816+00:00,,,2026-09-12T20:51:08.606816+00:00,0.00
36a42154,active,,2,385.45,384.14,1.31,0.00023819782869466773,0.0869,0.0739,2026-09-12T13:39:08.606816+00:00,2026-09-12T20:51:08.606816+00:00,2026-09-14T20:51:08.606816+00:00,,
54afa487,active,,2,462.54,460.97,1.57,0.0002655950889686403,0.0969,0.0824,2026-09-12T13:39:08.606816+00:00,2026-09-12T20:51:08.606816+00:00,2026-09-14T20:51:08.606816+00:00,,
b19802e4,active,,2,539.63,537.80,1.83,0.0002929923492426129,0.1069,0.0909,2026-09-12T13:39:08.606816+00:00,2026-09-12T20:51:08.606816+00:00,2026-09-14T20:51:08.606816+00:00,,
8910c633,cancelled,,2,616.72,614.62,2.09,0.00032038960951658556,0.1169,0.0994,2026-09-12T13:39:08.606816+00:00,,,2026-09-12T20:51:08.606816+00:00,0.00
154a0041,cancelled,,2,693.81,691.45,2.35,0.00034778686979055815,0.1269,0.1079,2026-09-12T13:39:08.606816+00:00,,,2026-09-12T20:51:08.606816+00:00,0.00
7cce4be1,active,,2,770.90,768.28,2.61,0.00037518413006453074,0.1369,0.1164,2026-09-12T13:39:08.606816+00:00,2026-09-12T20:51:08.606816+00:00,2026-09-14T20:51:08.606816+00:00,,
0a314337,active,,2,847.99,845.11,2.88,0.00040258139033850333,0.1469,0.1249,2026-09-12T13:39:08.606816+00:00,2026-09-12T20:51:08.606816+00:00,2026-09-14T20:51:08.606816+00:00,,
46c6ee30,cancelled,,2,925.07,921.94,3.14,0.0004299786506124759,0.1569,0.1334,2026-09-12T13:39:08.606816+00:00,,,2026-09-12T20:51:08.606816+00:00,0.00
9682d52c,cancelled,,2,1002.16,998.76,3.40,0.0004573759108864485,0.1669,0.1419,2026-09-12T13:39:08.606816+00:00,,,2026-09-12T20:51:08.606816+00:00,0.00
e76b8095,active,,2,1079.25,1075.59,3.66,0.0004847731711604211,0.1769,0.1504,2026-09-12T13:39:08.606816+00:00,2026-09-12T20:51:08.606816+00:00,2026-09-14T20:51:08.606816+00:00,,
a4576da8,active,,2,1156.34,1152.42,3.92,0.0005121704314343938,0.1869,0.1589,2026-09-12T13:39:08.606816+00:00,2026-09-12T20:51:08.606816+00:00,2026-09-14T20:51:08.606816+00:00,,
05a15666,cancelled,,2,1233.43,1229.25,4.18,0.0005395676917083664,0.1969,0.1674,2026-09-12T13:39:08.606816+00:00,,,2026-09-12T20:51:08.606816+00:00,0.00
533daed6,active,+relist+relist,30,87.58,87.52,0.06,0.0002159040604205368,0.0788,0.0670,2026-09-12T20:51:08.606816+00:00,2026-09-13T11:15:08.606816+00:00,2026-10-13T11:15:08.606816+00:00,,
6879be8e,cancelled,+relist+relist,30,109.47,109.36,0.11,0.0002159040604205368,0.0788,0.0670,2026-09-12T20:51:08.606816+00:00,,,2026-09-13T11:15:08.606816+00:00,0.00
c983ebc1,cancelled,+relist+relist,30,153.26,153.05,0.20,0.0002159040604205368,0.0788,0.0670,2026-09-12T20:51:08.606816+00:00,,,2026-09-13T11:15:08.606816+00:00,0.00
f1c4db23,active,+relist+relist,30,175.15,174.86,0.29,0.0002159040604205368,0.0788,0.0670,2026-09-12T20:51:08.606816+00:00,2026-09-13T04:03:08.606816+00:00,2026-10-13T04:03:08.606816+00:00,,
0367c434,cancelled,+relist+relist,30,197.04,196.65,0.40,0.0002159040604205368,0.0788,0.0670,2026-09-12T20:51:08.606816+00:00,,,2026-09-13T11:15:08.606816+00:00,0.00
14132237,cancelled,+relist+relist,30,218.94,218.43,0.51,0.0002159040604205368,0.0788,0.0670,2026-09-12T20:51:08.606816+00:00,,,2026-09-13T11:15:08.606816+00:00,0.00
ada66d23,cancelled,+relist+relist,30,262.73,262.04,0.68,0.0002159040604205368,0.0788,0.0670,2026-09-12T20:51:08.606816+00:00,,,2026-09-13T11:15:08.606816+00:00,0.00
871f81c2,cancelled,+relist+relist,30,284.62,283.81,0.81,0.0002159040604205368,0.0788,0.0670,2026-09-12T20:51:08.606816+00:00,,,2026-09-13T11:15:08.606816+00:00,0.00
e482d7d6,cancelled,+relist+relist,30,328.41,327.40,1.01,0.0002159040604205368,0.0788,0.0670,2026-09-12T20:51:08.606816+00:00,,,2026-09-13T11:15:08.606816+00:00,0.00
171b47bd,cancelled,+relist+relist,30,437.88,436.43,1.44,0.0002159040604205368,0.0788,0.0670,2026-09-12T20:51:08.606816+00:00,,,2026-09-13T11:15:08.606816+00:00,0.00
bea568a5,active,+relist+relist,30,459.77,458.18,1.59,0.0002159040604205368,0.0788,0.0670,2026-09-12T20:51:08.606816+00:00,2026-09-13T04:03:08.606816+00:00,2026-10-13T04:03:08.606816+00:00,,
95f5d65e,cancelled,+relist+relist,30,503.56,501.75,1.81,0.0002159040604205368,0.0788,0.0670,2026-09-12T20:51:08.606816+00:00,,,2026-09-13T11:15:08.606816+00:00,0.00
b369bc5e,cancelled,+relist+relist,30,525.45,523.51,1.94,0.0002159040604205368,0.0788,0.0670,2026-09-12T20:51:08.606816+00:00,,,2026-09-13T11:15:08.606816+00:00,0.00
6870b2c3,cancelled,+relist+relist,30,591.13,588.89,2.25,0.0002159040604205368,0.0788,0.0670,2026-09-12T20:51:08.606816+00:00,,,2026-09-13T11:15:08.606816+00:00,0.00
825250f7,active,+relist+relist,30,613.03,610.65,2.38,0.0002159040604205368,0.0788,0.0670,2026-09-12T20:51:08.606816+00:00,2026-09-13T11:15:08.606816+00:00,2026-10-13T11:15:08.606816+00:00,,
b9f51810,cancelled,+relist+relist,30,634.92,632.42,2.50,0.0002159040604205368,0.0788,0.0670,2026-09-12T20:51:08.606816+00:00,,,2026-09-13T11:15:08.606816+00:00,0.00
69ab11cf,active,+relist+relist,30,656.82,654.20,2.62,0.0002159040604205368,0.0788,0.0670,2026-09-12T20:51:08.606816+00:00,2026-09-13T04:03:08.606816+00:00,2026-10-13T04:03:08.606816+00:00,,
61fa87f6,cancelled,+relist+relist,30,700.60,697.78,2.83,0.0002159040604205368,0.0788,0.0670,2026-09-12T20:51:08.606816+00:00,,,2026-09-13T11:15:08.606816+00:00,0.00
0592bb58,cancelled,+relist+relist,30,722.50,719.55,2.95,0.0002159040604205368,0.0788,0.0670,2026-09-12T20:51:08.606816+00:00,,,2026-09-13T11:15:08.606816+00:00,0.00
dc05ef17,active,+relist+relist,30,788.18,784.93,3.25,0.0002159040604205368,0.0788,0.0670,2026-09-12T20:51:08.606816+00:00,2026-09-13T04:03:08.606816+00:00,2026-10-13T04:03:08.606816+00:00,,
1934496d,active,+relist+relist,30,810.07,806.71,3.36,0.0002159040604205368,0.0788,0.0670,2026-09-12T20:51:08.606816+00:00,2026-09-13T04:03:08.606816+00:00,2026-10-13T04:03:08.606816+00:00,,
b7838488,cancelled,+relist+relist,30,853.86,850.28,3.58,0.0002159040604205368,0.0788,0.0670,2026-09-12T20:51:08.606816+00:00,,,2026-09-13T11:15:08.606816+00:00,0.00
a4f9bac5,active,+relist+relist+relist+relist,2,73.75,73.46,0.29,0.0002159040604205368,0.0788,0.0670,2026-09-12T20:51:08.606816+00:00,2026-09-13T04:03:08.606816+00:00,2026-09-15T04:03:08.606816+00:00,,
b1be561d,active,+relist+relist+relist+relist,2,236.00,235.23,0.77,0.0002159040604205368,0.0788,0.0670,2026-09-12T20:51:08.606816+00:00,2026-09-13T04:03:08.606816+00:00,2026-09-15T04:03:08.606816+00:00,,
c827ed97,cancelled,+relist+relist+relist+relist,2,545.75,544.53,1.22,0.0002159040604205368,0.0788,0.0670,2026-09-12T20:51:08.606816+00:00,,,2026-09-13T04:03:08.606816+00:00,0.00
eec4d2c2,cancelled,+relist+relist+relist+relist,2,1017.76,1016.35,1.40,0.0002159040604205368,0.0788,0.0670,2026-09-12T20:51:08.606816+00:00,,,2026-09-13T04:03:08.606816+00:00,0.00
390bfc44,cancelled,+relist+relist+relist+relist,2,1135.76,1134.61,1.15,0.0002159040604205368,0.0788,0.0670,2026-09-12T20:51:08.606816+00:00,,,2026-09-13T04:03:08.606816+00:00,0.00
8ab8fb7f,cancelled,+relist+relist+relist,2,1199.78,1198.17,1.61,0.0002159040604205368,0.0788,0.0670,2026-09-12T20:51:08.606816+00:00,,,2026-09-13T04:03:08.606816+00:00,0.00
0dc8ca3e,active,+relist+relist,2,296.97,296.51,0.45,0.0002159040604205368,0.0788,0.0670,2026-09-12T20:51:08.606816+00:00,2026-09-13T04:03:08.606816+00:00,2026-09-15T04:03:08.606816+00:00,,
264f75f1,cancelled,+relist+relist,2,415.75,415.04,0.72,0.0002159040604205368,0.0788,0.0670,2026-09-12T20:51:08.606816+00:00,,,2026-09-13T04:03:08.606816+00:00,0.00
1dabe7dd,cancelled,+relist+relist,2,950.29,948.11,2.18,0.0002159040604205368,0.0788,0.0670,2026-09-12T20:51:08.606816+00:00,,,2026-09-13T04:03:08.606816+00:00,0.00
ae95cedd,active,+relist+relist,2,1306.65,1302.92,3.73,0.0002159040604205368,0.0788,0.0670,2026-09-12T20:51:08.606816+00:00,2026-09-13T04:03:08.606816+00:00,2026-09-15T04:03:08.606816+00:00,,
6a2cdbb2,active,+relist,2,308.36,307.44,0.92,0.0002159040604205368,0.0788,0.0670,2026-09-12T20:51:08.606816+00:00,2026-09-13T04:03:08.606816+00:00,2026-09-15T04:03:08.606816+00:00,,
ad35b345,cancelled,+relist,2,616.72,614.78,1.94,0.0002159040604205368,0.0788,0.0670,2026-09-12T20:51:08.606816+00:00,,,2026-09-13T04:03:08.606816+00:00,0.00
e0381c8a,active,+relist,2,693.81,691.55,2.25,0.0002159040604205368,0.0788,0.0670,2026-09-12T20:51:08.606816+00:00,2026-09-13T04:03:08.606816+00:00,2026-09-15T04:03:08.606816+00:00,,
b5602cc4,active,+relist,2,925.07,922.01,3.07,0.0002159040604205368,0.0788,0.0670,2026-09-12T20:51:08.606816+00:00,2026-09-13T04:03:08.606816+00:00,2026-09-15T04:03:08.606816+00:00,,
a8b7c885,cancelled,+relist,2,1002.16,998.80,3.36,0.0002159040604205368,0.0788,0.0670,2026-09-12T20:51:08.606816+00:00,,,2026-09-13T04:03:08.606816+00:00,0.00
92879aee,active,+relist,2,1233.43,1229.27,4.16,0.0002159040604205368,0.0788,0.0670,2026-09-12T20:51:08.606816+00:00,2026-09-13T04:03:08.606816+00:00,2026-09-15T04:03:08.606816+00:00,,
228876a0,active,,2,431.50,430.04,1.46,0.0002159040604205368,0.0788,0.0670,2026-09-12T20:51:08.606816+00:00,2026-09-13T04:03:08.606816+00:00,2026-09-15T04:03:08.606816+00:00,,
29e753a8,cancelled,,2,539.38,537.56,1.82,0.00024330132069450938,0.0888,0.0755,2026-09-12T20:51:08.606816+00:00,,,2026-09-13T04:03:08.606816+00:00,0.00
01e9095d,cancelled,+relist+relist+relist+relist+relist,2,545.75,545.17,0.58,0.00021124813521543852,0.0771,0.0655,2026-09-13T04:03:08.606816+00:00,,,2026-09-13T11:15:08.606816+00:00,0.00
1c9deed2,active,+relist+relist+relist+relist+relist,2,1017.76,1016.51,1.24,0.00021124813521543852,0.0771,0.0655,2026-09-13T04:03:08.606816+00:00,2026-09-13T11:15:08.606816+00:00,2026-09-15T11:15:08.606816+00:00,,
a8d66203,cancelled,+relist+relist+relist+relist+relist,2,1135.76,1134.50,1.26,0.00021124813521543852,0.0771,0.0655,2026-09-13T04:03:08.606816+00:00,,,2026-09-13T11:15:08.606816+00:00,0.00
80a608e1,cancelled,+relist+relist+relist+relist,2,1199.78,1198.30,1.48,0.00021124813521543852,0.0771,0.0655,2026-09-13T04:03:08.606816+00:00,,,2026-09-13T11:15:08.606816+00:00,0.00
55f6cee3,cancelled,+relist+relist+relist,2,415.75,415.18,0.57,0.00021124813521543852,0.0771,0.0655,2026-09-13T04:03:08.606816+00:00,,,2026-09-13T11:15:08.606816+00:00,0.00
74c48b1f,active,+relist+relist+relist,2,950.29,948.56,1.73,0.00021124813521543852,0.0771,0.0655,2026-09-13T04:03:08.606816+00:00,2026-09-13T11:15:08.606816+00:00,2026-09-15T11:15:08.606816+00:00,,
a6956049,cancelled,+relist+relist,2,616.72,615.28,1.43,0.00021124813521543852,0.0771,0.0655,2026-09-13T04:03:08.606816+00:00,,,2026-09-13T11:15:08.606816+00:00,0.00
5d1fbbd8,cancelled,+relist+relist,2,1002.16,999.32,2.85,0.00021124813521543852,0.0771,0.0655,2026-09-13T04:03:08.606816+00:00,,,2026-09-13T11:15:08.606816+00:00,0.00
f0fbbee6,active,+relist,2,539.38,537.74,1.63,0.00021124813521543852,0.0771,0.0655,2026-09-13T04:03:08.606816+00:00,2026-09-13T11:15:08.606816+00:00,2026-09-15T11:15:08.606816+00:00,,
9b611d62,cancelled,,2,446.13,444.78,1.35,0.00021124813521543852,0.0771,0.0655,2026-09-13T04:03:08.606816+00:00,,,2026-09-13T11:15:08.606816+00:00,0.00
43dc0ac8,active,,2,557.66,555.98,1.69,0.00023864539548941113,0.0871,0.0740,2026-09-13T04:03:08.606816+00:00,2026-09-13T11:15:08.606816+00:00,2026-09-15T11:15:08.606816+00:00,,
9c7fc2db,pending,+relist+relist+relist,30,109.47,109.41,0.05,0.0002588959560610086,0.0945,0.0803,2026-09-13T11:15:08.606816+00:00,,,,
f4cb0dc2,pending,+relist+relist+relist,30,153.26,153.15,0.11,0.0002588959560610086,0.0945,0.0803,2026-09-13T11:15:08.606816+00:00,,,,
be1ad475,pending,+relist+relist+relist,30,197.04,196.83,0.21,0.0002588959560610086,0.0945,0.0803,2026-09-13T11:15:08.606816+00:00,,,,
7dea801b,pending,+relist+relist+relist,30,218.94,218.62,0.32,0.0002588959560610086,0.0945,0.0803,2026-09-13T11:15:08.606816+00:00,,,,
ea012983,pending,+relist+relist+relist,30,262.73,262.24,0.48,0.0002588959560610086,0.0945,0.0803,2026-09-13T11:15:08.606816+00:00,,,,
8ab60cb3,pending,+relist+relist+relist,30,284.62,283.99,0.63,0.0002588959560610086,0.0945,0.0803,2026-09-13T11:15:08.606816+00:00,,,,
e3592e87,pending,+relist+relist+relist,30,328.41,327.57,0.84,0.0002588959560610086,0.0945,0.0803,2026-09-13T11:15:08.606816+00:00,,,,
9a4d819a,pending,+relist+relist+relist,30,437.88,436.61,1.27,0.0002588959560610086,0.0945,0.0803,2026-09-13T11:15:08.606816+00:00,,,,
e671a8c3,pending,+relist+relist+relist,30,503.56,501.92,1.64,0.0002588959560610086,0.0945,0.0803,2026-09-13T11:15:08.606816+00:00,,,,
a2551332,pending,+relist+relist+relist,30,525.45,523.62,1.83,0.0002588959560610086,0.0945,0.0803,2026-09-13T11:15:08.606816+00:00,,,,
f60dac3d,pending,+relist+relist+relist,30,591.13,588.98,2.16,0.0002588959560610086,0.0945,0.0803,2026-09-13T11:15:08.606816+00:00,,,,
3e37e805,pending,+relist+relist+relist,30,634.92,632.50,2.42,0.0002588959560610086,0.0945,0.0803,2026-09-13T11:15:08.606816+00:00,,,,
7c4ce524,pending,+relist+relist+relist,30,700.60,697.84,2.76,0.0002588959560610086,0.0945,0.0803,2026-09-13T11:15:08.606816+00:00,,,,
efc3f189,pending,+relist+relist+relist,30,722.50,719.59,2.91,0.0002588959560610086,0.0945,0.0803,2026-09-13T11:15:08.606816+00:00,,,,
88228dc7,pending,+relist+relist+relist,30,853.86,850.33,3.53,0.0002588959560610086,0.0945,0.0803,2026-09-13T11:15:08.606816+00:00,,,,
aa180bb4,pending,+relist+relist+relist+relist+relist+relist,2,545.75,544.37,1.38,0.0002041014355130634,0.0745,0.0633,2026-09-13T11:15:08.606816+00:00,,,,
4890b5c2,pending,+relist+relist+relist+relist+relist+relist,2,1135.76,1134.00,1.75,0.0002041014355130634,0.0745,0.0633,2026-09-13T11:15:08.606816+00:00,,,,
511cd2e3,pending,+relist+relist+relist+relist+relist,2,1199.78,1198.19,1.59,0.0002041014355130634,0.0745,0.0633,2026-09-13T11:15:08.606816+00:00,,,,
af497236,pending,+relist+relist+relist+relist,2,415.75,415.19,0.56,0.0002041014355130634,0.0745,0.0633,2026-09-13T11:15:08.606816+00:00,,,,
8de18135,pending,+relist+relist+relist,2,616.72,615.55,1.16,0.0002041014355130634,0.0745,0.0633,2026-09-13T11:15:08.606816+00:00,,,,
2333928f,pending,+relist+relist+relist,2,1002.16,999.64,2.53,0.0002041014355130634,0.0745,0.0633,2026-09-13T11:15:08.606816+00:00,,,,
e6e1149b,pending,+relist,2,446.13,444.90,1.23,0.0002041014355130634,0.0745,0.0633,2026-09-13T11:15:08.606816+00:00,,,,
bb49c6e6,pending,,2,501.89,500.50,1.39,0.0002041014355130634,0.0745,0.0633,2026-09-13T11:15:08.606816+00:00,,,,
